[{"companyAddress":" 山东省青岛市高新区同顺路8号招商局青岛网谷 (邮编：266114) ","companyName":"青岛启聚智能科技有限公司","companyUrl":"http://jobs.51job.com/all/co3916938.html","jobName":"Web前端开发工程师","salary":"6000+ /月","workspace":"青岛"},{"companyAddress":" 青岛市市南区山东路29号银河大厦101 (邮编：266071) ","companyName":"大连中软卓越信息技术有限公司","companyUrl":"http://jobs.51job.com/all/co3939635.html","jobName":"国企高薪聘请WEB前端培训讲师","salary":"10000-14999/月","workspace":"青岛"},{"companyAddress":" 青岛市黄岛区汉城路6号黄海大厦 (邮编：265555) ","companyName":"青岛博云信息技术有限公司","companyUrl":"http://jobs.51job.com/all/co3135505.html","jobName":"web前端工程师","salary":"5000-8000/月","workspace":"青岛-黄岛区"},{"companyAddress":" 市南区南京路中联广场C栋2楼 (邮编：266034) ","companyName":"青岛博盈信息科技有限责任公司","companyUrl":"http://jobs.51job.com/all/co3723527.html","jobName":"web前端/网页设计","salary":"6000-7999/月","workspace":"青岛-市南区"},{"companyAddress":" 经济技术开发区长江中路建国大厦 (邮编：266555) ","companyName":"甘肃绿电新能源科技发展有限公司","companyUrl":"http://jobs.51job.com/all/co3951743.html","jobName":"WEB前端开发工程师","salary":"6000-7999/月","workspace":"青岛-黄岛区"},{"companyAddress":" 城阳区正阳东路12号动漫大厦 (邮编：266000) ","companyName":"青岛智荟掌文化传播有限公司","companyUrl":"http://jobs.51job.com/all/co3553133.html","jobName":"web前端开发工程师","salary":"4000-6000/月","workspace":"青岛-城阳区"},{"companyAddress":" 青岛市市南区山东路27号港澳大厦3层C区 (邮编：266071) ","companyName":"青岛聚品电子商务有限公司","companyUrl":"http://jobs.51job.com/all/co2812234.html","jobName":"前端工程师","salary":"6000-7999/月","workspace":"青岛"},{"companyAddress":" 崂山区科苑纬一路1号（松岭路169号）青岛国际创新园B座9楼 (邮编：266101) ","companyName":"青岛新锦桥电子商务有限公司","companyUrl":"http://jobs.51job.com/all/co3631102.html","jobName":"WEB前端开发高级工程师","salary":"6000-7999/月","workspace":"青岛-崂山区"},{"companyAddress":" 山东省青岛市市北区福州北路133号鼎都4号楼2单元1201 (邮编：266071) ","companyName":"青岛奥博锋尚文化传媒有限公司","companyUrl":"http://jobs.51job.com/all/co2616418.html","jobName":"前端开发人员","salary":"3000-4499/月","workspace":"青岛-市北区"},{"companyAddress":" 崂山区株洲路20号海信创智谷A座7层 (邮编：266100) ","companyName":"青岛递国之道信息科技有限公司","companyUrl":"http://jobs.51job.com/all/co3611430.html","jobName":"web前端开发","salary":"8000-9999/月","workspace":"青岛-崂山区"},{"companyAddress":" 青岛市台湾路9号 (邮编：266071) ","companyName":"青岛万加国际供应链股份有限公司","companyUrl":"http://jobs.51job.com/all/co2941426.html","jobName":"网页前端设计师","salary":"6000-7999/月","workspace":"青岛-市南区"},{"companyAddress":" 青岛市崂山区松岭路399号 (邮编：066100) ","companyName":"海视云科技有限公司","companyUrl":"http://jobs.51job.com/all/co3627002.html","jobName":"高级前端工程师","salary":"10000-14999/月","workspace":"青岛-崂山区"},{"companyAddress":" 市南区南京路 (邮编：266071) ","companyName":"青岛睿云博通网络科技有限公司","companyUrl":"http://jobs.51job.com/all/co3384156.html","jobName":"Web前端","salary":"8000-12000/月","workspace":"青岛-市南区"},{"companyAddress":" 青岛市市南区动漫产业园e座 (邮编：266071) ","companyName":"青岛百森通支付有限公司","companyUrl":"http://jobs.51job.com/all/co2343393.html","jobName":"WEB前端开发/UI设计","salary":"50000-100000/年","workspace":"青岛"},{"companyAddress":" 上海市徐汇区漕溪北路749号甲三-四楼 (邮编：200030) ","companyName":"上海数聚软件系统股份有限公司","companyUrl":"http://jobs.51job.com/all/co2066520.html","jobName":"WEB前端工程师","salary":"6000-7999/月","workspace":"青岛"},{"companyAddress":" 青岛市市南区山东路9号，青岛市即墨市大信镇陈家村 (邮编：266100) ","companyName":"青岛远见服务管理有限公司","companyUrl":"http://jobs.51job.com/all/co2537303.html","jobName":"前端技术","salary":"4500-5999/月","workspace":"青岛-即墨市"},{"companyAddress":" 北京市朝阳区东土城路12号怡和阳光大厦 (邮编：266071) ","companyName":"青岛巨数信息技术有限公司","companyUrl":"http://jobs.51job.com/all/co2408091.html","jobName":"web前端开发工程师","salary":"6000-7999/月","workspace":"青岛"},{"companyAddress":" 青岛市崂山区科苑纬三路19号先锋电商产业园10楼 (邮编：266061) ","companyName":"青岛华正信息技术有限公司","companyUrl":"http://jobs.51job.com/all/co2411465.html","jobName":"前端开发","salary":"4500-5999/月","workspace":"青岛-崂山区"},{"companyAddress":" 高新区广博路325号 (邮编：266111) ","companyName":"QST青软实训","companyUrl":"http://jobs.51job.com/all/co2778993.html","jobName":"Web前端讲师","salary":"7000-15000/月","workspace":"青岛"},{"companyAddress":" 青岛市北浦口路8号绿都公寓2108室 (邮编：000000) ","companyName":"青岛泰达青和软件有限公司","companyUrl":"http://jobs.51job.com/all/co3654470.html","jobName":"div+css前端","salary":"3000-4499/月","workspace":"青岛-市北区"},{"companyAddress":" 大连市高新园区黄浦路977号华信软件园 (邮编：116085) ","companyName":"大连华信计算机技术股份有限公司","companyUrl":"http://jobs.51job.com/all/co252674.html","jobName":"前端工程师（工作地点：青岛）","salary":"5000-8000/月","workspace":"青岛"},{"companyAddress":" 崂山区深圳路19号海诺大厦 (邮编：266000) ","companyName":"青岛海尔家居集成股份有限公司","companyUrl":"http://jobs.51job.com/all/co3535200.html","jobName":"前端工程师（qd）","salary":"5000-8000/月","workspace":"青岛-崂山区"},{"companyAddress":" 闸北区江场三路市北高新园区238号（19号楼）608室 (邮编：200436) ","companyName":"上海新工式网络科技有限公司","companyUrl":"http://jobs.51job.com/all/co3603350.html","jobName":"前端程序员（兼职）","salary":"75元/小时","workspace":"异地招聘"},{"companyAddress":" 市南区燕儿岛路8号3706 (邮编：266000) ","companyName":"大有晋升（北京）网络科技有限公司","companyUrl":"http://jobs.51job.com/all/co3921710.html","jobName":"web前端","salary":"5000-8000/月","workspace":"青岛-市南区"},{"companyAddress":" 无锡新区菱湖大道200号中国传感网创新园A栋6层 (邮编：210000) ","companyName":"中兴智能交通股份有限公司","companyUrl":"http://jobs.51job.com/all/co3554404.html","jobName":"Web前端开发","salary":"5000-7000/月","workspace":"青岛"},{"companyAddress":" 青岛市市南区东海西路39号世纪大厦1207室 (邮编：266002) ","companyName":"青岛蓝海汇网络科技有限公司","companyUrl":"http://jobs.51job.com/all/co2977887.html","jobName":"web前端开发工程师","salary":"6000-7999/月","workspace":"青岛"},{"companyAddress":" 青岛市香港东路22号 (邮编：266000) ","companyName":"青岛日光海岸酒店投资管理有限公司","companyUrl":"http://jobs.51job.com/all/co3307607.html","jobName":"web前端开发","salary":"6000-7999/月","workspace":"青岛-市南区"},{"companyAddress":" 青岛市市南区宁夏路288号青岛软件园7号楼4层C区 (邮编：266071) ","companyName":"青岛韩华快讯网络传媒有限公司","companyUrl":"http://jobs.51job.com/all/co3054330.html","jobName":"Web前端开发","salary":"6000-7999/月","workspace":"青岛-市南区"},{"companyAddress":" 青岛市市南区南平路1号（金门路小学对面） (邮编：266071) ","companyName":"山东以太网络科技股份有限公司","companyUrl":"http://jobs.51job.com/all/co2380023.html","jobName":"WEB前端软件工程师","salary":"6000-7999/月","workspace":"青岛-市南区"},{"companyAddress":" 市北区辽宁路238号1户 (邮编：266012) ","companyName":"青岛仁善伟业医疗科技有限公司","companyUrl":"http://jobs.51job.com/all/co3928395.html","jobName":"Web前端开发","salary":"6000-7999/月","workspace":"青岛-市北区"},{"companyAddress":" 青岛市市南区宁夏路288号青岛软件园G1楼17层 (邮编：266071) ","companyName":"青岛福莱易通软件有限公司","companyUrl":"http://jobs.51job.com/all/co1505600.html","jobName":"web前端开发工程师","salary":"5000-8000/月","workspace":"青岛"},{"companyAddress":" 青岛市高新区松园路17号工业技术研究院B3栋 (邮编：266101) ","companyName":"青岛浩赛科技有限公司","companyUrl":"http://jobs.51job.com/all/co2547814.html","jobName":"web前端开发","salary":"6000-7999/月","workspace":"青岛-城阳区"},{"companyAddress":" 青岛市市南区燕儿岛路鲁商首府2号楼2001室 (邮编：266071) ","companyName":"今日澳博厨具在线","companyUrl":"http://jobs.51job.com/all/co3960671.html","jobName":"网页设计/前端开发","salary":"4000-6000/月","workspace":"青岛-市南区"},{"companyAddress":" 青岛市市南区香港西路20号B座（原疗供） (邮编：266071) ","companyName":"青岛伊美尔国宾整形外科医院有限公司","companyUrl":"http://jobs.51job.com/all/co1403279.html","jobName":"前端开发/网页制作","salary":"4500-5999/月","workspace":"青岛-市南区"},{"companyAddress":" 市北区延吉路128号卓越大厦23层 (邮编：266071) ","companyName":"青岛深度传媒有限公司","companyUrl":"http://jobs.51job.com/all/co2596400.html","jobName":"网页前端工程师（DIV+CSS）","salary":"3000-6000/月","workspace":"青岛"},{"companyAddress":" 海尔路1号新模具（A11）大楼C区五楼 (邮编：266100) ","companyName":"北京博达悦途文化交流有限公司","companyUrl":"http://jobs.51job.com/all/co3678659.html","jobName":"Web前端工程师","salary":"6000-12000/月","workspace":"青岛-崂山区"},{"companyAddress":" 总部：北京市海淀区宝盛北里西区28号天丰利商厦4层千锋教育 (邮编：100089) ","companyName":"北京千锋互联科技有限公司","companyUrl":"http://jobs.51job.com/all/co2537359.html","jobName":"web前端讲师","salary":"20000-30000/月","workspace":"青岛"},{"companyAddress":" 市南区宁夏路288号市南软件园6号楼4层A区 (邮编：266071) ","companyName":"高登信息技术（青岛）有限公司","companyUrl":"http://jobs.51job.com/all/co3260488.html","jobName":"前端开发工程师（代码方向）","salary":"6000-7999/月","workspace":"青岛-市南区"},{"companyAddress":" 市北区辽宁路科技街科信大厦2306 (邮编：266000) ","companyName":"淄博米查信息技术有限公司","companyUrl":"http://jobs.51job.com/all/co3834808.html","jobName":"Android前端开发","salary":"6000-7999/月","workspace":"青岛"},{"companyAddress":" 市南区燕儿岛路10号凯悦中心23层2301室 (邮编：266000) ","companyName":"青岛通世傲为国际教育信息技术有限...","companyUrl":"http://jobs.51job.com/all/co3449626.html","jobName":"Web前端开发工程师","salary":"6000-10000/月","workspace":"青岛-市南区"},{"companyAddress":" 李沧区京口路86号维客国际商务中心12楼人力资源处 (邮编：266100) ","companyName":"青岛维客集团股份有限公司","companyUrl":"http://jobs.51job.com/all/co1682957.html","jobName":"前端开发","salary":"4500-5999/月","workspace":"青岛"},{"companyAddress":" 市北区延安三路湛山创客工厂 (邮编：266071) ","companyName":"青岛首选电视电商购物有限公司","companyUrl":"http://jobs.51job.com/all/co3202250.html","jobName":"Web前端开发工程师","salary":"4000-7000/月","workspace":"青岛"},{"companyAddress":" 青岛市市北区 (邮编：266071) ","companyName":"青岛蓝湾佰通信息技术有限公司","companyUrl":"http://jobs.51job.com/all/co3487439.html","jobName":"web前端开发工程师","salary":"6000-7999/月","workspace":"青岛-城阳区"},{"companyAddress":" 市北区泰山路35号701/702室 (邮编：266000) ","companyName":"青岛智泰科信息技术有限公司","companyUrl":"http://jobs.51job.com/all/co3715397.html","jobName":"Unity3d前端程序","salary":"10000-14999/月","workspace":"青岛-崂山区"},{"companyAddress":" 青岛市崂山区松岭路336号 (邮编：266000) ","companyName":"青岛特来电新能源有限公司","companyUrl":"http://jobs.51job.com/all/co3748306.html","jobName":"web前端开发工程师","salary":"8000-15000/月","workspace":"青岛-崂山区"},{"companyAddress":" 长江路建国大厦21层 (邮编：266555) ","companyName":"山东汇思前程人力资源有限公司","companyUrl":"http://jobs.51job.com/all/co3584410.html","jobName":"WEB前端开发工程师","salary":"4500-5999/月","workspace":"青岛-黄岛区"},{"companyAddress":" 香港中路2号海航万邦中心大厦 (邮编：266000) ","companyName":"卓越金宇控股有限公司","companyUrl":"http://jobs.51job.com/all/co3629231.html","jobName":"互联网前端","salary":"6000-7999/月","workspace":"青岛-崂山区"},{"companyAddress":" 青岛市山东路27号港澳大厦2202 (邮编：266000) ","companyName":"青岛大有信息技术有限公司","companyUrl":"http://jobs.51job.com/all/co2581452.html","jobName":"网页设计/美工/网站制作/web前端（五险一金+高薪）","salary":"3000-4499/月","workspace":"青岛-市南区"},{"companyAddress":" 烟台高新区创业大厦 (邮编：264000) ","companyName":"烟台小樱桃网络科技有限公司","companyUrl":"http://jobs.51job.com/all/co3958521.html","jobName":"Web前端工程师","salary":"4500-5999/月","workspace":"异地招聘"},{"companyAddress":" 崂山区梅岭西路287号长城大厦7楼 (邮编：266061) ","companyName":"青岛大快搜索数据技术有限公司","companyUrl":"http://jobs.51job.com/all/co3684889.html","jobName":"网页设计师/前端工程师","salary":"4500-5999/月","workspace":"青岛-崂山区"},{"companyAddress":" 市南区山东路46号华宇大厦1607室 (邮编：266071) ","companyName":"青岛亚讯图航网络科技有限公司","companyUrl":"http://jobs.51job.com/all/co2293060.html","jobName":"Html5前端开发工程师","salary":"4500-5999/月","workspace":"青岛-市南区"},{"companyAddress":" 浦东新区峨山路91弄61号陆家嘴软件园10号楼10楼东单元 (邮编：200127) ","companyName":"北京拓尔思信息技术股份有限公司上...","companyUrl":"http://jobs.51job.com/all/co1978275.html","jobName":"前端开发工程师","salary":"8000-9999/月","workspace":"青岛-市南区"},{"companyAddress":" 青岛市市南区 (邮编：266000) ","companyName":"青岛藤蔓资产管理有限公司","companyUrl":"http://jobs.51job.com/all/co3605475.html","jobName":"web前端工程师","salary":"6000-8000/月","workspace":"青岛-市南区"},{"companyAddress":" 青岛市市北区开封路88号百洋健康科技园 (邮编：266000) ","companyName":"青岛百洋医药科技有限公司","companyUrl":"http://jobs.51job.com/all/co1439987.html","jobName":"PHP中高级程序员/前端工程师","salary":"","workspace":"青岛"},{"companyAddress":" 青岛市崂山区石岭路39号名汇国际2号楼1512-1513 (邮编：266000) ","companyName":"青岛云意网络科技有限公司","companyUrl":"http://jobs.51job.com/all/co3738601.html","jobName":"网页前端美术工程师","salary":"6000-7999/月","workspace":"青岛-城阳区"},{"companyAddress":" 青岛 市南区 香港中路32号五矿大厦801室 (邮编：266071) ","companyName":"青岛果子科技有限公司","companyUrl":"http://jobs.51job.com/all/co3059126.html","jobName":"网页美工设计师/前端设计师/网页美工","salary":"3000-6999/月","workspace":"青岛-崂山区"},{"companyAddress":" 山大北路32号 (邮编：250000) ","companyName":"山东金宏润智能化工程有限公司","companyUrl":"http://jobs.51job.com/all/co3834163.html","jobName":"HTML5前端开发工程师","salary":"8000-12000/月","workspace":"青岛"},{"companyAddress":" 城阳区长城南路6号首创空港国际中心八号楼 (邮编：266000) ","companyName":"鲁诺集团","companyUrl":"http://jobs.51job.com/all/co2649167.html","jobName":"Web前端制作、设计（UI设计师）","salary":"10-15万/年","workspace":"青岛-城阳区"},{"companyAddress":" 西城区广安门内大街6号枫桦豪景 (邮编：100053) ","companyName":"青岛智远行国际旅行社有限公司","companyUrl":"http://jobs.51job.com/all/co3708609.html","jobName":"前端工程师(北京西城区职位)","salary":"10000-14999/月","workspace":"异地招聘"},{"companyAddress":" 青岛市延安三路67号湛山创意工厂b09 (邮编：266000) ","companyName":"青岛黑晶信息技术有限公司","companyUrl":"http://jobs.51job.com/all/co2654255.html","jobName":"Web前端","salary":"4500-5999/月","workspace":"青岛"},{"companyAddress":" 深圳市南山区 高新技术产业园 南区 科技南8道 豪威科技大厦22F (邮编：518034) ","companyName":"深圳市东信时代信息技术有限公司","companyUrl":"http://jobs.51job.com/all/co2634982.html","jobName":"Web前端工程师","salary":"6000-7999/月","workspace":"青岛"},{"companyAddress":" 市北区台柳路124-11号二层 (邮编：266000) ","companyName":"青岛世纪良品电子商务股份有限公司","companyUrl":"http://jobs.51job.com/all/co2250987.html","jobName":"Web前端","salary":"4000-7000/月","workspace":"青岛"},{"companyAddress":" 崂山区石岭路39号名汇国际1号楼2001 (邮编：266000) ","companyName":"青岛泰克斯泰网络科技股份有限公司","companyUrl":"http://jobs.51job.com/all/co3032014.html","jobName":"前端开发工程师","salary":"5000-8000/月","workspace":"青岛"},{"companyAddress":" 北京西城区新德街甲20号 (邮编：100088) ","companyName":"北京盛安德科技发展有限公司","companyUrl":"http://jobs.51job.com/all/co157144.html","jobName":"Web前端工程师","salary":"6000-7999/月","workspace":"青岛"},{"companyAddress":" 青岛市北区开封路88号 (邮编：266100) ","companyName":"青岛百洋智能科技股份有限公司","companyUrl":"http://jobs.51job.com/all/co3565771.html","jobName":"JAVA软件开发工程师（中级）","salary":"6000-7999/月","workspace":"青岛-市北区"},{"companyAddress":" 青岛市株州路153号 (邮编：266100) ","companyName":"青岛海威茨仪表有限公司","companyUrl":"http://jobs.51job.com/all/co2194832.html","jobName":"软件工程师","salary":"50000-100000/年","workspace":"青岛"},{"companyAddress":" 李沧区青山路海尔鼎世华府9-1-1803 (邮编：266000) ","companyName":"青岛海施智健商贸有限公司","companyUrl":"http://jobs.51job.com/all/co3862805.html","jobName":"商务助理","salary":"2000-2999/月","workspace":"青岛"},{"companyAddress":" 青岛市福州北路159号昕苑丽都2号楼503室 (邮编：266071) ","companyName":"青岛拓天信息技术有限公司","companyUrl":"http://jobs.51job.com/all/co3027212.html","jobName":".NET软件开发工程师","salary":"7000-8000/月","workspace":"青岛-市北区"},{"companyAddress":" 山东省青岛市市南区东海西路17号 (邮编：266071) ","companyName":"海信空调公司","companyUrl":"http://jobs.51job.com/all/co2390927.html","jobName":"资源工程师","salary":"1500以下/月","workspace":"青岛-市南区"},{"companyAddress":" 李沧区金水路1577-10 (邮编：266000) ","companyName":"青岛运动汇信息科技有限公司","companyUrl":"http://jobs.51job.com/all/co3955920.html","jobName":"PHP软件工程师","salary":"6000-7999/月","workspace":"青岛-李沧区"},{"companyAddress":" 青岛市市南区芝泉路6号 (邮编：266071) ","companyName":"青岛量谷无线科技有限公司","companyUrl":"http://jobs.51job.com/all/co2962563.html","jobName":"软件开发工程师","salary":"5000-9000/月","workspace":"青岛"},{"companyAddress":" 银川西路67号动漫产业园C301 (邮编：266071) ","companyName":"青岛广电中视文化有限公司","companyUrl":"http://jobs.51job.com/all/co2673960.html","jobName":"网站技术人员","salary":"3000-4499/月","workspace":"青岛-市南区"},{"companyAddress":" 青岛城阳区中城路612号青岛农业大学西门 速8酒店对面腾程伟业创业生态产业园 (邮编：266109) ","companyName":"青岛腾程伟业餐饮管理有限公司","companyUrl":"http://jobs.51job.com/all/co3460797.html","jobName":"PHP程序员","salary":"3000-4499/月","workspace":"青岛-城阳区"},{"companyAddress":" 城阳区正阳路86创客园（佳家园斜对面） (邮编：260000) ","companyName":"青岛商信杰克网络科技有限公司","companyUrl":"http://jobs.51job.com/all/co3937528.html","jobName":"网站制作工程师","salary":"4500-5999/月","workspace":"青岛-城阳区"},{"companyAddress":" 青岛市市南区宁夏路288号青岛软件园 (邮编：266071) ","companyName":"新立迅软件服务（青岛）有限公司","companyUrl":"http://jobs.51job.com/all/co2300869.html","jobName":".Net初级程序员","salary":"3000-4499/月","workspace":"青岛"},{"companyAddress":" 市北区长沙路27号 (邮编：266000) ","companyName":"青岛永基测控设备有限公司","companyUrl":"http://jobs.51job.com/all/co3687370.html","jobName":"中高级网站开发","salary":"6000-7999/月","workspace":"青岛"},{"companyAddress":" 天河区东圃镇黄村王园路33号智汇商务园C2座4楼 (邮编：510060) ","companyName":"广东锐捷物流有限公司","companyUrl":"http://jobs.51job.com/all/co3903521.html","jobName":"青岛java开发工程师","salary":"5000-9000/月","workspace":"青岛"},{"companyAddress":" 朝阳区兆维大厦出c2-2 (邮编：100000) ","companyName":"聚力精彩（北京）信息技术有限公司","companyUrl":"http://jobs.51job.com/all/co3685062.html","jobName":"系统架构师SND","salary":"8000-10000/月","workspace":"青岛"},{"companyAddress":" 青岛市崂山区松岭路399号A6座5层 (邮编：260000) ","companyName":"青岛海信医疗设备股份有限公司","companyUrl":"http://jobs.51job.com/all/co3912197.html","jobName":"B超硬件研发专家","salary":"10000-20000/月","workspace":"青岛-崂山区"},{"companyAddress":" 青岛市东海西路17号海信大厦 (邮编：266071) ","companyName":"海信电器股份公司","companyUrl":"http://jobs.51job.com/all/co2390921.html","jobName":"模具专家","salary":"20000-24999/月","workspace":"青岛-黄岛区"},{"companyAddress":" 市南区江西路11号 (邮编：266071) ","companyName":"海信智能商用设备公司","companyUrl":"http://jobs.51job.com/all/co2390945.html","jobName":"Web开发工程师","salary":"8000-9999/月","workspace":"青岛-崂山区"},{"companyAddress":" 山东省青岛市胶州市经济技术开发区尚德大道以东、汾河路以南 (邮编：266100) ","companyName":"青岛克路德机器人有限公司","companyUrl":"http://jobs.51job.com/all/co3905888.html","jobName":"Java软件开发工程师","salary":"4000-8000/月","workspace":"青岛-崂山区"},{"companyAddress":" 海尔路33号 (邮编：266000) ","companyName":"北京首经技术培训中心青岛分公司","companyUrl":"http://jobs.51job.com/all/co3925719.html","jobName":"HTML5","salary":"6000-7999/月","workspace":"青岛-崂山区"},{"companyAddress":" 青岛市市南区高雄路18号海洋大厦21层 (邮编：266075) ","companyName":"青岛赤金网络技术有限公司","companyUrl":"http://jobs.51job.com/all/co3014877.html","jobName":"Web开发工程师 asp .net C#","salary":"4500-5999/月","workspace":"青岛-市南区"},{"companyAddress":" 北京市朝阳区望京北路9号叶青大厦D座7层 (邮编：100102) ","companyName":"北京东方国信科技股份有限公司","companyUrl":"http://jobs.51job.com/all/co108009.html","jobName":"java开发工程师（YDSY）","salary":"4500-5999/月","workspace":"青岛"},{"companyAddress":" 青岛市市南区闽江路2号国华大厦A-1703 (邮编：266071) ","companyName":"青岛科恩锐通信息技术股份有限公司","companyUrl":"http://jobs.51job.com/all/co2285496.html","jobName":".net软件开发工程师","salary":"3000-4499/月","workspace":"青岛-城阳区"},{"companyAddress":" 市南区青岛软件园2号楼七层 (邮编：266000) ","companyName":"北京博看文思信息技术有限公司青岛...","companyUrl":"http://jobs.51job.com/all/co3360749.html","jobName":"高薪诚聘PHP讲师（双休、五险）","salary":"6000-7999/月","workspace":"青岛-市南区"},{"companyAddress":" 青岛市崂山区株洲路153号高层次人才中心 (邮编：266100) ","companyName":"青岛蓝海软通信息技术有限公司","companyUrl":"http://jobs.51job.com/all/co3745009.html","jobName":"Html5开发工程师","salary":"5000-7000/月","workspace":"青岛-崂山区"},{"companyAddress":" 青岛市崂山区松岭路169号蓝色硅谷软件外包中心1楼百灵科技 (邮编：266100) ","companyName":"青岛百灵信息科技有限公司","companyUrl":"http://jobs.51job.com/all/co2413369.html","jobName":"HTML5开发工程师","salary":"8000-9999/月","workspace":"青岛-崂山区"},{"companyAddress":" 城阳区正阳路165号中联财富广场 (邮编：266109) ","companyName":"青岛中康通信有限公司","companyUrl":"http://jobs.51job.com/all/co3322917.html","jobName":"美工/设计","salary":"4000+ /月","workspace":"青岛"},{"companyAddress":" 青岛市市北区科技街辽宁路153号银街首座1005室 (邮编：266012) ","companyName":"青岛易天下网络科技有限公司","companyUrl":"http://jobs.51job.com/all/co2391363.html","jobName":"网站开发工程师(高薪+双休)","salary":"5-6万/年","workspace":"青岛-市北区"},{"companyAddress":" 青岛市市南区东海西路37号金都花园A座17楼A室 (邮编：266000) ","companyName":"青岛安永信息技术有限公司","companyUrl":"http://jobs.51job.com/all/co3311451.html","jobName":"兼职微信开发","salary":"3000-4499/月","workspace":"青岛-市南区"},{"companyAddress":" 市南区山东路42号银禧苑B座 (邮编：266000) ","companyName":"青岛亿和互联网络科技有限公司","companyUrl":"http://jobs.51job.com/all/co3887614.html","jobName":"网页设计/美工","salary":"4000-6000/月","workspace":"青岛-市南区"},{"companyAddress":" 经济开发区长江中路517号长江中心写字楼 (邮编：266555) ","companyName":"青岛钲世控股集团有限公司","companyUrl":"http://jobs.51job.com/all/co3855928.html","jobName":"java高级工程师","salary":"8000-12000/月","workspace":"青岛-市北区"},{"companyAddress":" 青岛市市南区香港中路10号颐和国际A座东区4105 (邮编：266000) ","companyName":"青岛洪海龙腾电子商务有限公司","companyUrl":"http://jobs.51job.com/all/co3874489.html","jobName":"Java开发架构师-WEB方向/大咖团队","salary":"10000-14999/月","workspace":"青岛-市南区"},{"companyAddress":" 崂山区山东头路58号盛和大厦2号楼805 (邮编：266000) ","companyName":"北京盛安德科技发展有限公司青岛第...","companyUrl":"http://jobs.51job.com/all/co3098397.html","jobName":"PHP开发工程师","salary":"8000-9999/月","workspace":"青岛-崂山区"},{"companyAddress":" 青岛市经济技术开发区昆仑山北路西、渭河路南（智岛公寓辛安景苑东侧)/ (邮编：266000) ","companyName":"青岛金溢科技有限公司","companyUrl":"http://jobs.51job.com/all/co3850796.html","jobName":"设备工程师","salary":"4000-6000/月","workspace":"青岛"},{"companyAddress":" 市南区 江西路 11号 (邮编：266071) ","companyName":"海信网络科技公司","companyUrl":"http://jobs.51job.com/all/co2390934.html","jobName":"开发主管（运维服务）","salary":"100000-250000/年","workspace":"青岛"},{"companyAddress":" 青岛市上清路16号甲 (邮编：266000) ","companyName":"青岛东软载波科技股份有限公司","companyUrl":"http://jobs.51job.com/all/co3226762.html","jobName":"javaweb开发工程师","salary":"4500-5999/月","workspace":"青岛-市北区"},{"companyAddress":" 市南区香港中路100号中商大厦26层 (邮编：266071) ","companyName":"青岛禧泰房地产数据有限公司","companyUrl":"http://jobs.51job.com/all/co3577924.html","jobName":"css工程师","salary":"4000-8000/月","workspace":"青岛-市南区"},{"companyAddress":" 青岛即墨华山二路369号 (邮编：266200) ","companyName":"青岛英派斯健康科技有限公司","companyUrl":"http://jobs.51job.com/all/co3081725.html","jobName":".NET软件开发工程师","salary":"6000-7999/月","workspace":"青岛-即墨市"},{"companyAddress":" 青岛即墨市红领大街17号 (邮编：266200) ","companyName":"青岛红领服饰股份有限公司","companyUrl":"http://jobs.51job.com/all/co252021.html","jobName":"Java开发工程师-后台开发","salary":"8000-9999/月","workspace":"青岛-崂山区"},{"companyAddress":" 市南区山东路2号 (邮编：266071) ","companyName":"青岛华仁信息传播有限公司","companyUrl":"http://jobs.51job.com/all/co3031542.html","jobName":"微信PHP应用开发工程师","salary":"6000-7999/月","workspace":"青岛"},{"companyAddress":" 崂山区银川东路3号国信体育场M区1楼（如是书店） (邮编：266012) ","companyName":"青岛紫光软件系统有限公司","companyUrl":"http://jobs.51job.com/all/co2464868.html","jobName":"微信PHP应用开发工程师","salary":"4000+ /月","workspace":"青岛"},{"companyAddress":" 市北区山东路177号 (邮编：266000) ","companyName":"北京值得买科技股份有限公司青岛分...","companyUrl":"http://jobs.51job.com/all/co3898035.html","jobName":"高级PHP工程师","salary":"8000-12000/月","workspace":"青岛"},{"companyAddress":" 山东省青岛市市南区香港中路36号 (邮编：266071) ","companyName":"青岛二三网络科技有限公司","companyUrl":"http://jobs.51job.com/all/co3756723.html","jobName":"高薪诚聘PHP工程师","salary":"6000-10000/月","workspace":"青岛-市南区"},{"companyAddress":" 青岛市崂山区科苑纬三路19号先锋电商产业园 (邮编：266000) ","companyName":"青岛众恒信息科技股份有限公司","companyUrl":"http://jobs.51job.com/all/co3347430.html","jobName":"UI设计师","salary":"6000-7999/月","workspace":"青岛"},{"companyAddress":" 青岛市市南区香港中路6号世贸中心B座901室 (邮编：260000) ","companyName":"山东运达电子商务有限公司青岛分公司","companyUrl":"http://jobs.51job.com/all/co3036219.html","jobName":"andiord 软件开发工程师","salary":"4500-5999/月","workspace":"青岛-城阳区"},{"companyAddress":" 山东省济南市高新区舜华路2000号舜泰广场6号楼901-1 (邮编：250101) ","companyName":"山东新浪信息科技有限公司","companyUrl":"http://jobs.51job.com/all/co3640156.html","jobName":"PHP技术支持","salary":"3000-4499/月","workspace":"青岛-市南区"},{"companyAddress":" 青岛市市南区香港西路73号裕源大厦 (邮编：266000) ","companyName":"青岛贺喜来网络科技有限公司","companyUrl":"http://jobs.51job.com/all/co3692262.html","jobName":".NET程序员","salary":"5000-10000/月","workspace":"青岛-市南区"},{"companyAddress":" 市南区香港中路12号丰合广场C区206B (邮编：266000) ","companyName":"青岛久信投资管理有限公司","companyUrl":"http://jobs.51job.com/all/co3041098.html","jobName":"java开发工程师","salary":"6000-7999/月","workspace":"青岛-市北区"},{"companyAddress":" 青岛市崂山区秦岭路8号 (邮编：266061) ","companyName":"青岛民航凯亚系统集成有限公司","companyUrl":"http://jobs.51job.com/all/co2685183.html","jobName":"Web开发工程师","salary":"8-10万/年","workspace":"青岛"},{"companyAddress":" 青岛经济技术开发区长江西路161号康大凤凰广场2201 (邮编：266555) ","companyName":"青岛超能国际物流有限公司","companyUrl":"http://jobs.51job.com/all/co3524168.html","jobName":"Web工程师","salary":"10000-14999/月","workspace":"异地招聘"},{"companyAddress":" 青岛高新区智力岛路1号创业大厦B座12楼 (邮编：000000) ","companyName":"青岛光惠乾盛信息技术有限公司","companyUrl":"http://jobs.51job.com/all/co3494599.html","jobName":"软件开发工程师","salary":"6000-7999/月","workspace":"青岛-城阳区"},{"companyAddress":" 青岛市市北区山东路177号鲁邦广场B座511 (邮编：266001) ","companyName":"青岛加加软件服务有限公司","companyUrl":"http://jobs.51job.com/all/co2750566.html","jobName":"HTML5开发工程师","salary":"5000-10000/月","workspace":"青岛-市北区"},{"companyAddress":" 青岛市 市南区 市南软件园 2号楼 18层 (邮编：266000) ","companyName":"青岛高校信息产业股份有限公司","companyUrl":"http://jobs.51job.com/all/co3572193.html","jobName":"JAVA 高级工程师","salary":"8000-9999/月","workspace":"青岛"},{"companyAddress":" 高新区蓝湾智谷1#5F 或开发区拓谱产教园 (邮编：266109) ","companyName":"青岛云开信息科技股份有限公司","companyUrl":"http://jobs.51job.com/all/co3517602.html","jobName":".Net开发工程师","salary":"6000-12000/月","workspace":"青岛"},{"companyAddress":" 香港中路30号甲伟东世奥国际大厦12楼 (邮编：266000) ","companyName":"青岛伟东云教育发展有限公司","companyUrl":"http://jobs.51job.com/all/co3639875.html","jobName":"java软件工程师","salary":"6000-7999/月","workspace":"青岛-市南区"},{"companyAddress":" 华仁国际大厦住房公积金管理中心3楼 (邮编：266071) ","companyName":"青岛北斗聚星网络科技有限公司","companyUrl":"http://jobs.51job.com/all/co2257033.html","jobName":"java工程师","salary":"4500-5999/月","workspace":"青岛"},{"companyAddress":" 青岛市市北区辽宁路153号首座706户 (邮编：266071) ","companyName":"青岛西博开龙软件有限公司","companyUrl":"http://jobs.51job.com/all/co2388211.html","jobName":"JAVA高级开发","salary":"10-15万/年","workspace":"青岛-市北区"},{"companyAddress":" 青岛市市区香港中路68号华普大厦29C (邮编：266000) ","companyName":"青岛悦网网络科技股份有限公司","companyUrl":"http://jobs.51job.com/all/co3758888.html","jobName":"UI设计师","salary":"6000-7999/月","workspace":"青岛-市南区"},{"companyAddress":" 青岛市崂山区苗岭路36号国发中心B座25楼 (邮编：266061) ","companyName":"青岛世瑞商贸有限公司","companyUrl":"http://jobs.51job.com/all/co3236102.html","jobName":"天猫美工/淘宝美工/电商美工/网店美工","salary":"4000-8000/月","workspace":"青岛-崂山区"},{"companyAddress":" 市南区福州南路20号6号楼1单元301室 (邮编：266071) ","companyName":"青岛信软科技有限公司","companyUrl":"http://jobs.51job.com/all/co2227275.html","jobName":"JAVA软件开发","salary":"5000-8000/月","workspace":"青岛-市南区"},{"companyAddress":" 保税港区北京路63号天智国际大厦301室 (邮编：266555) ","companyName":"青岛博泰恒国际贸易有限公司","companyUrl":"http://jobs.51job.com/all/co3915187.html","jobName":"电商运营专员","salary":"3000-4499/月","workspace":"青岛-黄岛区"},{"companyAddress":" 延安三路101号甲5号楼 (邮编：266071) ","companyName":"青岛华韩整形美容医院有限公司","companyUrl":"http://jobs.51job.com/all/co2599007.html","jobName":"新媒体运营","salary":"4500-5999/月","workspace":"青岛-市南区"},{"companyAddress":" 山东省青岛市市北区连云港路20号7080中心广场3号楼707室 (邮编：266000) ","companyName":"青岛时代新维网络科技有限公司","companyUrl":"http://jobs.51job.com/all/co3886925.html","jobName":"PHP技术总监","salary":"6000-8000/月","workspace":"青岛"},{"companyAddress":" 青岛市城阳区王沙路438号(总部)/崂山区啤酒城附近(办事处) (邮编：266000) ","companyName":"青岛泰和美电子科技有限公司","companyUrl":"http://jobs.51job.com/all/co3550815.html","jobName":"电子商务部主管","salary":"4500-5999/月","workspace":"青岛-城阳区"},{"companyAddress":" 银川西路 动漫产业园E座 308室 (邮编：266000) ","companyName":"青岛搜讯传媒有限公司","companyUrl":"http://jobs.51job.com/all/co3022541.html","jobName":"H5专员（代码方向）","salary":"4500-5999/月","workspace":"青岛-市南区"},{"companyAddress":" 市南区香港中路7号甲亚麦国际19楼 (邮编：266000) ","companyName":"惠众商务顾问（北京）有限公司山东...","companyUrl":"http://jobs.51job.com/all/co3086960.html","jobName":"PHP开发工程师","salary":"6000-7999/月","workspace":"青岛"},{"companyAddress":" 高新区松园路17号青岛工业技术研究院A1楼413 (邮编：266109) ","companyName":"青岛丰华时代信息技术有限公司","companyUrl":"http://jobs.51job.com/all/co3823437.html","jobName":"JAVA后台开发","salary":"5000-10000/月","workspace":"青岛-城阳区"},{"companyAddress":" 山东省日照市烟台路179号广电大大厦院内 (邮编：276800) ","companyName":"山东展望信息科技有限公司","companyUrl":"http://jobs.51job.com/all/co3835765.html","jobName":"海右.Java软件讲师","salary":"4500-5999/月","workspace":"异地招聘"},{"companyAddress":" 上海市长宁区安西路100号 (邮编：200050) ","companyName":"上海音智达信息技术有限公司","companyUrl":"http://jobs.51job.com/all/co2653797.html","jobName":"初级BI咨询顾问","salary":"8000-9999/月","workspace":"青岛"},{"companyAddress":" 青岛市崂山区同安路882-1号鸿泰大厦B座1102室 (邮编：266100) ","companyName":"青岛元果数码科技有限公司","companyUrl":"http://jobs.51job.com/all/co2396829.html","jobName":"微信公众平台开发","salary":"4500-5999/月","workspace":"青岛-崂山区"},{"companyAddress":" 市北区连云港路20号7080中心广场3号楼东单元29层 (邮编：266033) ","companyName":"山东嘉瑞工业发展有限公司","companyUrl":"http://jobs.51job.com/all/co2624281.html","jobName":"PHP开发工程师","salary":"8000-9999/月","workspace":"青岛-市北区"},{"companyAddress":" 北京市朝阳区望京花家地北里9号 (邮编：100102) ","companyName":"北京赞同科技发展有限公司","companyUrl":"http://jobs.51job.com/all/co2966427.html","jobName":"软件工程师-青岛","salary":"4500-5999/月","workspace":"青岛-黄岛区"},{"companyAddress":" 李沧区源头路25号 (邮编：266100) ","companyName":"青岛宇航教育有限公司","companyUrl":"http://jobs.51job.com/all/co3296539.html","jobName":"网页设计/制作","salary":"2000-2999/月","workspace":"青岛-李沧区"},{"companyAddress":" 城阳区正阳路民生广场A座4楼410室 (邮编：266000) ","companyName":"青岛彼岸电子商务有限公司","companyUrl":"http://jobs.51job.com/all/co3769097.html","jobName":"中高级网站/淘宝美工","salary":"4500-5999/月","workspace":"青岛-城阳区"},{"companyAddress":" 青岛市郑州路43号 (邮编：266045) ","companyName":"橡胶谷集团有限公司","companyUrl":"http://jobs.51job.com/all/co2721436.html","jobName":"前台开发工程师","salary":"4500-5999/月","workspace":"青岛-市北区"},{"companyAddress":" 山东省青岛市崂山区苗岭路19号裕龙大厦2-2-1302 (邮编：266100) ","companyName":"青岛商通天下网络科技有限公司","companyUrl":"http://jobs.51job.com/all/co2480337.html","jobName":"产品经理","salary":"4500-5999/月","workspace":"青岛"},{"companyAddress":" 青岛市高新区同顺路8号招商网谷 (邮编：266111) ","companyName":"青岛信致和软件科技有限公司","companyUrl":"http://jobs.51job.com/all/co3797115.html","jobName":"高级软件工程师/java系统工程师","salary":"10000-14999/月","workspace":"青岛-城阳区"},{"companyAddress":" 青岛崂山区秦岭路18号 (邮编：266000) ","companyName":"歌尔声学股份有限公司","companyUrl":"http://jobs.51job.com/all/co483825.html","jobName":"DQA 经理(001817)","salary":"10000-14999/月","workspace":"青岛"},{"companyAddress":" 日照市太原路69号 (邮编：276800) ","companyName":"日照工业设计中心有限公司","companyUrl":"http://jobs.51job.com/all/co3921453.html","jobName":"服务设计经理","salary":"3000-4499/月","workspace":"异地招聘"},{"companyAddress":" 市南区延安三路海航万邦中心18楼 (邮编：266000) ","companyName":"青岛蜜福堂健康科技有限公司","companyUrl":"http://jobs.51job.com/all/co2321086.html","jobName":"Java软件工程师","salary":"3500-7000/月","workspace":"青岛-市北区"},{"companyAddress":" 山东省青岛市高新区 (邮编：266200) ","companyName":"青岛猎城网络信息有限公司","companyUrl":"http://jobs.51job.com/all/co2388531.html","jobName":"技术总监","salary":"8000-10000/月","workspace":"青岛-城阳区"},{"companyAddress":" 北京海淀区中关村软件园9号楼3层 (邮编：100010) ","companyName":"北京友联天创科技有限公司","companyUrl":"http://jobs.51job.com/all/co2459290.html","jobName":"软件UI工程师","salary":"4500-5999/月","workspace":"青岛"},{"companyAddress":" 山东省临沂市清河南路89号 面试地址：临沂市沂州路与清河南路交汇往西1000米，山东翔龙集团办公楼2楼东会议室（来时请您携带学历证书） (邮编：276024) ","companyName":"施可丰化工股份有限公司","companyUrl":"http://jobs.51job.com/all/co3004783.html","jobName":"JAVA工程师","salary":"5000-12000/月","workspace":"异地招聘"},{"companyAddress":" 市北区环湾大厦 (邮编：266000) ","companyName":"青岛浦利医疗技术有限公司","companyUrl":"http://jobs.51job.com/all/co3734929.html","jobName":"数据库开发工程师","salary":"6000-7999/月","workspace":"青岛-市北区"},{"companyAddress":" 青岛市崂山区株洲路187号 (邮编：266510) ","companyName":"青岛澳柯玛自动售货机股份有限公司","companyUrl":"http://jobs.51job.com/all/co2485563.html","jobName":"Android软件工程师","salary":"4500-5999/月","workspace":"青岛-崂山区"},{"companyAddress":" 青岛市城阳区正阳中路160号时代中心写字楼8楼 (邮编：266109) ","companyName":"青岛奇之缘网络信息服务有限公司","companyUrl":"http://jobs.51job.com/all/co2475824.html","jobName":"PHP开发","salary":"10-15万/年","workspace":"青岛"},{"companyAddress":" 青岛市台柳路116号青岛市哈尔滨路28号 (邮编：266000) ","companyName":"青岛思诺科德信息技术有限公司","companyUrl":"http://jobs.51job.com/all/co3931951.html","jobName":"html5","salary":"3000-6000/月","workspace":"青岛"},{"companyAddress":" 海尔路一号 (邮编：266101) ","companyName":"重庆海尔小额贷款有限公司","companyUrl":"http://jobs.51job.com/all/co3329860.html","jobName":"金融业务专员","salary":"","workspace":"青岛"},{"companyAddress":" 青岛 (邮编：266071) ","companyName":"海尔集团-白电集团","companyUrl":"http://jobs.51job.com/all/co2210601.html","jobName":"UI设计工程师","salary":"8000-9999/月","workspace":"青岛"},{"companyAddress":" 青岛市崂山区海尔路1号海尔信息园 (邮编：266001) ","companyName":"海尔集团-数码及个人产品集团","companyUrl":"http://jobs.51job.com/all/co2210602.html","jobName":"PHP工程师","salary":"10-15万/年","workspace":"青岛"},{"companyAddress":" 青岛市市南区银川西路动漫产业园A座 (邮编：266101) ","companyName":"海尔电器集团有限公司","companyUrl":"http://jobs.51job.com/all/co2210611.html","jobName":"移动端页面设计","salary":"4500-5999/月","workspace":"青岛-崂山区"},{"companyAddress":" 青岛市市南区太平路51号山东国际贸易大厦15楼 (邮编：266000) ","companyName":"青岛美迪康数字工程有限公司","companyUrl":"http://jobs.51job.com/all/co2165935.html","jobName":"ASP.NET开发工程师","salary":"5000-12000/月","workspace":"青岛-市南区"},{"companyAddress":" 市北区哈尔滨路52号 (邮编：266072) ","companyName":"青岛卓尔特信息科技有限公司","companyUrl":"http://jobs.51job.com/all/co3610844.html","jobName":"C#软件工程师","salary":"3000-4499/月","workspace":"青岛-市北区"},{"companyAddress":" 北京市海淀区大柳树路交大科技大厦1404室 (邮编：100081) ","companyName":"北京北方科诚科技股份有限公司","companyUrl":"http://jobs.51job.com/all/co2953681.html","jobName":"产品经理","salary":"10000-14999/月","workspace":"异地招聘"},{"companyAddress":" 青岛市李沧区延川路8号 (邮编：266000) ","companyName":"青岛齐天创新工业产品设计有限公司","companyUrl":"http://jobs.51job.com/all/co3315446.html","jobName":"UI设计师","salary":"8000-10000/月","workspace":"青岛"},{"companyAddress":" 青岛市南区东海中路2号环海大厦10层E1 (邮编：266555) ","companyName":"青岛金利时电子科技有限公司","companyUrl":"http://jobs.51job.com/all/co2507706.html","jobName":"Web开发工程师","salary":"8000-9999/月","workspace":"青岛-市南区"},{"companyAddress":" 市北区泰山路35号 (邮编：266000) ","companyName":"青岛新视界网络有限公司","companyUrl":"http://jobs.51job.com/all/co3635371.html","jobName":"高级net工程师","salary":"6000-12000/月","workspace":"青岛-崂山区"},{"companyAddress":" 青岛市崂山区东海东路58号极地金岸4号楼二期 (邮编：266000) ","companyName":"青岛大宗商品交易中心有限公司","companyUrl":"http://jobs.51job.com/all/co3932884.html","jobName":"网页设计/制作","salary":"","workspace":"青岛"},{"companyAddress":" 市北区山东路177号鲁邦广场B座706 (邮编：266000) ","companyName":"青岛相智信息技术有限公司","companyUrl":"http://jobs.51job.com/all/co2471281.html","jobName":"高级JAVA软件开发工程师","salary":"3000-6000/月","workspace":"青岛-市北区"},{"companyAddress":" 青岛市黄岛区峨眉山路396-1号 (邮编：226600) ","companyName":"青岛东软睿道教育信息技术有限公司","companyUrl":"http://jobs.51job.com/all/co3741098.html","jobName":"东软Java开发（可非专业）","salary":"3000-4499/月","workspace":"青岛-黄岛区"},{"companyAddress":" 青岛市李沧区书院路188号蓝之梦创客富地5F (邮编：266000) ","companyName":"青岛智慧互联信息科技有限公司","companyUrl":"http://jobs.51job.com/all/co3918282.html","jobName":"PHP工程师","salary":"3000-4000/月","workspace":"青岛-李沧区"},{"companyAddress":" 青岛市市南区江西路7号海信慧园15号楼 (邮编：266071) ","companyName":"青岛卓日品牌策划设计有限公司","companyUrl":"http://jobs.51job.com/all/co384565.html","jobName":"广告创意总监","salary":"4500-5999/月","workspace":"青岛-市南区"},{"companyAddress":" 崂山区秦岭路18号国展财富中心2号楼 (邮编：266000) ","companyName":"青岛健一氏商贸有限公司","companyUrl":"http://jobs.51job.com/all/co3801972.html","jobName":"优秀程序员","salary":"8000-9999/月","workspace":"青岛-崂山区"},{"companyAddress":" 天桥区明湖西路800号银座好望角2-1501室 (邮编：250100) ","companyName":"山东安瑞投资有限公司","companyUrl":"http://jobs.51job.com/all/co3640849.html","jobName":"运维IT网络开发+五险一金","salary":"2000-2999/月","workspace":"青岛-崂山区"},{"companyAddress":" 城阳区山河路702号招商公社45号楼102室 (邮编：266000) ","companyName":"青岛天助信息技术有限公司","companyUrl":"http://jobs.51job.com/all/co3909331.html","jobName":"高新招聘程序+急聘PHP开发+挑战高薪","salary":"2000-15000/月","workspace":"青岛"},{"companyAddress":" 青岛市保税区北京路63号天智国际大厦301室 (邮编：266555) ","companyName":"青岛跨境通电子商务有限公司","companyUrl":"http://jobs.51job.com/all/co3340470.html","jobName":"电商运营专员","salary":"2000-5000/月","workspace":"青岛-黄岛区"},{"companyAddress":" 中国・山东・青岛・市南・宁夏路288号・市南软件园・7号楼・7层・B区 (邮编：266000) ","companyName":"青岛芳林信息技术有限公司","companyUrl":"http://jobs.51job.com/all/co2665816.html","jobName":"APP软件工程师（IOS/Android）","salary":"6000-7999/月","workspace":"青岛-市南区"},{"companyAddress":" 青岛市山东路177路鲁邦广场B座603室 (邮编：266034) ","companyName":"青岛基业百年投资顾问有限公司","companyUrl":"http://jobs.51job.com/all/co1484298.html","jobName":"区域销售经理","salary":"6000-7999/月","workspace":"青岛"},{"companyAddress":" 青岛市黄岛区汉城路6号黄海大厦 (邮编：265555) ","companyName":"青岛博云信息技术有限公司","companyUrl":"http://jobs.51job.com/all/co3135505.html","jobName":"web前端工程师","salary":"5000-9000/月","workspace":"青岛-黄岛区"},{"companyAddress":" 崂山区科苑纬一路1号（松岭路169号）青岛国际创新园B座9楼 (邮编：266101) ","companyName":"青岛新锦桥电子商务有限公司","companyUrl":"http://jobs.51job.com/all/co3631102.html","jobName":"WEB前端开发工程师","salary":"5000-6000/月","workspace":"青岛-崂山区"},{"companyAddress":" 青岛市崂山区松岭路399号 (邮编：066100) ","companyName":"海视云科技有限公司","companyUrl":"http://jobs.51job.com/all/co3627002.html","jobName":"互联网前端高级开发工程师","salary":"10000-14999/月","workspace":"异地招聘"},{"companyAddress":" 青岛市北浦口路8号绿都公寓2108室 (邮编：000000) ","companyName":"青岛泰达青和软件有限公司","companyUrl":"http://jobs.51job.com/all/co3654470.html","jobName":"急招前端","salary":"3000-4499/月","workspace":"青岛-市北区"},{"companyAddress":" 崂山区深圳路19号海诺大厦 (邮编：266000) ","companyName":"青岛海尔家居集成股份有限公司","companyUrl":"http://jobs.51job.com/all/co3535200.html","jobName":"前端视觉设计师（UI）","salary":"8000-9999/月","workspace":"青岛-崂山区"},{"companyAddress":" 青岛市市南区宁夏路288号青岛软件园7号楼4层C区 (邮编：266071) ","companyName":"青岛韩华快讯网络传媒有限公司","companyUrl":"http://jobs.51job.com/all/co3054330.html","jobName":"高级web前端开发工程师","salary":"6000-7999/月","workspace":"青岛-市南区"},{"companyAddress":" 市南区南京路中联广场C栋2楼 (邮编：266034) ","companyName":"青岛博盈信息科技有限责任公司","companyUrl":"http://jobs.51job.com/all/co3723527.html","jobName":"web前端开发","salary":"6000-7999/月","workspace":"青岛-市南区"},{"companyAddress":" 市南区宁夏路288号市南软件园6号楼4层A区 (邮编：266071) ","companyName":"高登信息技术（青岛）有限公司","companyUrl":"http://jobs.51job.com/all/co3260488.html","jobName":"前端开发工程师","salary":"3000-4499/月","workspace":"青岛-市南区"},{"companyAddress":" 李沧区京口路86号维客国际商务中心12楼人力资源处 (邮编：266100) ","companyName":"青岛维客集团股份有限公司","companyUrl":"http://jobs.51job.com/all/co1682957.html","jobName":"前端开发","salary":"4000-8000/月","workspace":"青岛"},{"companyAddress":" 市南区南京路 (邮编：266071) ","companyName":"青岛睿云博通网络科技有限公司","companyUrl":"http://jobs.51job.com/all/co3384156.html","jobName":"Web前端工程师","salary":"8000-10000/月","workspace":"青岛-市南区"},{"companyAddress":" 青岛市市南区山东路29号银河大厦101 (邮编：266071) ","companyName":"大连中软卓越信息技术有限公司","companyUrl":"http://jobs.51job.com/all/co3939635.html","jobName":"国企高薪聘请WEB前端培训讲师","salary":"10000-14999/月","workspace":"青岛"},{"companyAddress":" 市南区燕儿岛路8号3706 (邮编：266000) ","companyName":"大有晋升（北京）网络科技有限公司","companyUrl":"http://jobs.51job.com/all/co3921710.html","jobName":"web前端","salary":"5000-8000/月","workspace":"青岛-市南区"},{"companyAddress":" 青岛市山东路27号港澳大厦2202 (邮编：266000) ","companyName":"青岛大有信息技术有限公司","companyUrl":"http://jobs.51job.com/all/co2581452.html","jobName":"网站美工/网站设计/网站前台制作/网站web前端","salary":"2500-8000/月","workspace":"青岛-市南区"},{"companyAddress":" 市南区山东路46号华宇大厦1607室 (邮编：266071) ","companyName":"青岛亚讯图航网络科技有限公司","companyUrl":"http://jobs.51job.com/all/co2293060.html","jobName":"UI设计/网站美工/平面设计/网页设计/web前端设计","salary":"4500-5999/月","workspace":"青岛-市南区"},{"companyAddress":" 青岛市市南区山东路29号银河大厦101 (邮编：266071) ","companyName":"大连中软卓越信息技术有限公司","companyUrl":"http://jobs.51job.com/all/co3939635.html","jobName":"国企高薪聘请WEB前端培训讲师","salary":"8000-9999/月","workspace":"青岛"},{"companyAddress":" 青岛市崂山区石岭路39号名汇国际2号楼1512-1513 (邮编：266000) ","companyName":"青岛云意网络科技有限公司","companyUrl":"http://jobs.51job.com/all/co3738601.html","jobName":"web前端开发","salary":"6000-7999/月","workspace":"青岛-城阳区"},{"companyAddress":" 城阳区长城南路6号首创空港国际中心八号楼 (邮编：266000) ","companyName":"鲁诺集团","companyUrl":"http://jobs.51job.com/all/co2649167.html","jobName":"Web前端工程师","salary":"8-10万/年","workspace":"青岛-城阳区"},{"companyAddress":" 崂山区科苑纬一路1号（松岭路169号）青岛国际创新园B座9楼 (邮编：266101) ","companyName":"青岛新锦桥电子商务有限公司","companyUrl":"http://jobs.51job.com/all/co3631102.html","jobName":"NET开发工程师","salary":"6000-7999/月","workspace":"青岛-崂山区"},{"companyAddress":" 崂山区株洲路20号海信创智谷A座7层 (邮编：266100) ","companyName":"青岛递国之道信息科技有限公司","companyUrl":"http://jobs.51job.com/all/co3611430.html","jobName":"H5开发，HTML5开发，H5开发工程师，微信开发","salary":"8000-9999/月","workspace":"青岛-崂山区"},{"companyAddress":" 崂山区株洲路20号海信创智谷A座7层 (邮编：266100) ","companyName":"青岛递国之道信息科技有限公司","companyUrl":"http://jobs.51job.com/all/co3611430.html","jobName":"UI设计","salary":"8000-9999/月","workspace":"青岛-崂山区"},{"companyAddress":" 青岛市市南区宁夏路288号青岛软件园 (邮编：266071) ","companyName":"新立迅软件服务（青岛）有限公司","companyUrl":"http://jobs.51job.com/all/co2300869.html","jobName":".Net 中级软件工程师","salary":"4000-8000/月","workspace":"青岛"},{"companyAddress":" 青岛市市南区宁夏路288号青岛软件园 (邮编：266071) ","companyName":"新立迅软件服务（青岛）有限公司","companyUrl":"http://jobs.51job.com/all/co2300869.html","jobName":".Net高级软件工程师","salary":"7000-12000/月","workspace":"青岛"},{"companyAddress":" 青岛市北区开封路88号 (邮编：266100) ","companyName":"青岛百洋智能科技股份有限公司","companyUrl":"http://jobs.51job.com/all/co3565771.html","jobName":"高级UI设计师","salary":"8000-9999/月","workspace":"青岛-市北区"},{"companyAddress":" 青岛市北区开封路88号 (邮编：266100) ","companyName":"青岛百洋智能科技股份有限公司","companyUrl":"http://jobs.51job.com/all/co3565771.html","jobName":"系统开发工程师","salary":"6000-7999/月","workspace":"青岛-市北区"},{"companyAddress":" 青岛市北区开封路88号 (邮编：266100) ","companyName":"青岛百洋智能科技股份有限公司","companyUrl":"http://jobs.51job.com/all/co3565771.html","jobName":"PHP初级软件工程师","salary":"6000-7999/月","workspace":"青岛-市北区"},{"companyAddress":" 青岛市北区开封路88号 (邮编：266100) ","companyName":"青岛百洋智能科技股份有限公司","companyUrl":"http://jobs.51job.com/all/co3565771.html","jobName":".NET高级软件开发工程师/程序员","salary":"8000-9999/月","workspace":"青岛-市北区"},{"companyAddress":" 青岛市北区开封路88号 (邮编：266100) ","companyName":"青岛百洋智能科技股份有限公司","companyUrl":"http://jobs.51job.com/all/co3565771.html","jobName":".NET中级软件开发工程师","salary":"6000-7999/月","workspace":"青岛-市北区"},{"companyAddress":" 朝阳区兆维大厦出c2-2 (邮编：100000) ","companyName":"聚力精彩（北京）信息技术有限公司","companyUrl":"http://jobs.51job.com/all/co3685062.html","jobName":"JAVA 工程师0WE","salary":"10000-15000/月","workspace":"异地招聘"},{"companyAddress":" 市南区江西路11号 (邮编：266071) ","companyName":"海信智能商用设备公司","companyUrl":"http://jobs.51job.com/all/co2390945.html","jobName":"移动互联网高级工程师","salary":"15000-19999/月","workspace":"青岛-崂山区"},{"companyAddress":" 青岛市崂山区松岭路399号 (邮编：066100) ","companyName":"海视云科技有限公司","companyUrl":"http://jobs.51job.com/all/co3627002.html","jobName":"软件开发工程师","salary":"10000-14999/月","workspace":"青岛"},{"companyAddress":" 上海市徐汇区漕溪北路749号甲三-四楼 (邮编：200030) ","companyName":"上海数聚软件系统股份有限公司","companyUrl":"http://jobs.51job.com/all/co2066520.html","jobName":"BO工程师","salary":"5000-8000/月","workspace":"青岛"},{"companyAddress":" 青岛市市南区闽江路2号国华大厦A-1703 (邮编：266071) ","companyName":"青岛科恩锐通信息技术股份有限公司","companyUrl":"http://jobs.51job.com/all/co2285496.html","jobName":"结构工程师","salary":"4500-5999/月","workspace":"青岛-市南区"},{"companyAddress":" 青岛市市南区闽江路2号国华大厦A-1703 (邮编：266071) ","companyName":"青岛科恩锐通信息技术股份有限公司","companyUrl":"http://jobs.51job.com/all/co2285496.html","jobName":"硬件开发工程师","salary":"3000-4499/月","workspace":"青岛-市南区"},{"companyAddress":" 北京市朝阳区东土城路12号怡和阳光大厦 (邮编：266071) ","companyName":"青岛巨数信息技术有限公司","companyUrl":"http://jobs.51job.com/all/co2408091.html","jobName":".NET运营开发工程师","salary":"4500-5999/月","workspace":"青岛"},{"companyAddress":" 北京市朝阳区东土城路12号怡和阳光大厦 (邮编：266071) ","companyName":"青岛巨数信息技术有限公司","companyUrl":"http://jobs.51job.com/all/co2408091.html","jobName":"PHP开发工程师","salary":"6000-10000/月","workspace":"青岛"},{"companyAddress":" 高新区广博路325号 (邮编：266111) ","companyName":"QST青软实训","companyUrl":"http://jobs.51job.com/all/co2778993.html","jobName":"UI讲师","salary":"5000-8000/月","workspace":"青岛"},{"companyAddress":" 青岛市北浦口路8号绿都公寓2108室 (邮编：000000) ","companyName":"青岛泰达青和软件有限公司","companyUrl":"http://jobs.51job.com/all/co3654470.html","jobName":"div+css 切图","salary":"3000-4499/月","workspace":"青岛-市北区"},{"companyAddress":" 青岛市北浦口路8号绿都公寓2108室 (邮编：000000) ","companyName":"青岛泰达青和软件有限公司","companyUrl":"http://jobs.51job.com/all/co3654470.html","jobName":"php程序","salary":"8000-9999/月","workspace":"青岛-市北区"},{"companyAddress":" 青岛市北浦口路8号绿都公寓2108室 (邮编：000000) ","companyName":"青岛泰达青和软件有限公司","companyUrl":"http://jobs.51job.com/all/co3654470.html","jobName":"php程序","salary":"4500-5999/月","workspace":"青岛-市北区"},{"companyAddress":" 崂山区深圳路19号海诺大厦 (邮编：266000) ","companyName":"青岛海尔家居集成股份有限公司","companyUrl":"http://jobs.51job.com/all/co3535200.html","jobName":"UI设计师（qd）","salary":"5000-8000/月","workspace":"青岛-崂山区"},{"companyAddress":" 闸北区江场三路市北高新园区238号（19号楼）608室 (邮编：200436) ","companyName":"上海新工式网络科技有限公司","companyUrl":"http://jobs.51job.com/all/co3603350.html","jobName":"后端程序员（兼职）","salary":"75元/小时","workspace":"异地招聘"},{"companyAddress":" 闸北区江场三路市北高新园区238号（19号楼）608室 (邮编：200436) ","companyName":"上海新工式网络科技有限公司","companyUrl":"http://jobs.51job.com/all/co3603350.html","jobName":"微信H5应用开发（兼职）","salary":"75元/小时","workspace":"异地招聘"},{"companyAddress":" 崂山区株洲路20号海信创智谷A座7层 (邮编：266100) ","companyName":"青岛递国之道信息科技有限公司","companyUrl":"http://jobs.51job.com/all/co3611430.html","jobName":"Java/JSP开发工程师","salary":"8000-9999/月","workspace":"青岛-崂山区"},{"companyAddress":" 青岛市市南区东海西路39号世纪大厦1207室 (邮编：266002) ","companyName":"青岛蓝海汇网络科技有限公司","companyUrl":"http://jobs.51job.com/all/co2977887.html","jobName":"后台开发","salary":"8000-9999/月","workspace":"青岛"},{"companyAddress":" 青岛市市南区东海西路39号世纪大厦1207室 (邮编：266002) ","companyName":"青岛蓝海汇网络科技有限公司","companyUrl":"http://jobs.51job.com/all/co2977887.html","jobName":"高级UI设计师（6000+）","salary":"6000-7999/月","workspace":"青岛-市南区"},{"companyAddress":" 青岛市市南区香港中路10号颐和国际A座东区4105 (邮编：266000) ","companyName":"青岛洪海龙腾电子商务有限公司","companyUrl":"http://jobs.51job.com/all/co3874489.html","jobName":"Java开发工程师-WEB方向/大咖团队","salary":"6000-7999/月","workspace":"青岛-市南区"},{"companyAddress":" 崂山区山东头路58号盛和大厦2号楼805 (邮编：266000) ","companyName":"北京盛安德科技发展有限公司青岛第...","companyUrl":"http://jobs.51job.com/all/co3098397.html","jobName":"ASP.NET 高级开发工程师","salary":"10000-14999/月","workspace":"青岛-崂山区"},{"companyAddress":" 市北区辽宁路238号1户 (邮编：266012) ","companyName":"青岛仁善伟业医疗科技有限公司","companyUrl":"http://jobs.51job.com/all/co3928395.html","jobName":".NET开发工程师","salary":"10000-14999/月","workspace":"青岛-市北区"},{"companyAddress":" 市北区辽宁路238号1户 (邮编：266012) ","companyName":"青岛仁善伟业医疗科技有限公司","companyUrl":"http://jobs.51job.com/all/co3928395.html","jobName":".NET开发","salary":"10000-14999/月","workspace":"青岛-市北区"},{"companyAddress":" 青岛市经济技术开发区昆仑山北路西、渭河路南（智岛公寓辛安景苑东侧)/ (邮编：266000) ","companyName":"青岛金溢科技有限公司","companyUrl":"http://jobs.51job.com/all/co3850796.html","jobName":"PE技术员","salary":"4000-6000/月","workspace":"青岛"},{"companyAddress":" 青岛市市南区宁夏路288号青岛软件园G1楼17层 (邮编：266071) ","companyName":"青岛福莱易通软件有限公司","companyUrl":"http://jobs.51job.com/all/co1505600.html","jobName":"Java程序员","salary":"5000-15000/月","workspace":"青岛"},{"companyAddress":" 青岛市市南区宁夏路288号青岛软件园G1楼17层 (邮编：266071) ","companyName":"青岛福莱易通软件有限公司","companyUrl":"http://jobs.51job.com/all/co1505600.html","jobName":"C#/.Net高级程序开发工程师","salary":"7000-12000/月","workspace":"青岛"},{"companyAddress":" 青岛市市南区宁夏路288号青岛软件园G1楼17层 (邮编：266071) ","companyName":"青岛福莱易通软件有限公司","companyUrl":"http://jobs.51job.com/all/co1505600.html","jobName":"高级手机APP软件开发工程师","salary":"8000-9999/月","workspace":"青岛"},{"companyAddress":" 青岛市市南区宁夏路288号青岛软件园G1楼17层 (邮编：266071) ","companyName":"青岛福莱易通软件有限公司","companyUrl":"http://jobs.51job.com/all/co1505600.html","jobName":"大数据程序开发工程师","salary":"8000-10000/月","workspace":"青岛"},{"companyAddress":" 市南区 江西路 11号 (邮编：266071) ","companyName":"海信网络科技公司","companyUrl":"http://jobs.51job.com/all/co2390934.html","jobName":"平台开发、视频算法、安卓开发主管（平安城市）","salary":"100000-250000/年","workspace":"青岛"},{"companyAddress":" 市南区 江西路 11号 (邮编：266071) ","companyName":"海信网络科技公司","companyUrl":"http://jobs.51job.com/all/co2390934.html","jobName":"产品规划工程师与产品开发主管（智能交通）","salary":"100000-250000/年","workspace":"青岛"},{"companyAddress":" 李沧区金水路1577-10 (邮编：266000) ","companyName":"青岛运动汇信息科技有限公司","companyUrl":"http://jobs.51job.com/all/co3955920.html","jobName":"软件工程师","salary":"6000-7999/月","workspace":"青岛-李沧区"},{"companyAddress":" 青岛市市南区燕儿岛路鲁商首府2号楼2001室 (邮编：266071) ","companyName":"今日澳博厨具在线","companyUrl":"http://jobs.51job.com/all/co3960671.html","jobName":"网站设计主管/高级网站设计师","salary":"8000-10000/月","workspace":"青岛-市南区"},{"companyAddress":" 总部：北京市海淀区宝盛北里西区28号天丰利商厦4层千锋教育 (邮编：100089) ","companyName":"北京千锋互联科技有限公司","companyUrl":"http://jobs.51job.com/all/co2537359.html","jobName":"NodeJS讲师","salary":"15000-30000/月","workspace":"青岛"},{"companyAddress":" 总部：北京市海淀区宝盛北里西区28号天丰利商厦4层千锋教育 (邮编：100089) ","companyName":"北京千锋互联科技有限公司","companyUrl":"http://jobs.51job.com/all/co2537359.html","jobName":"Java讲师","salary":"15000-19999/月","workspace":"青岛"},{"companyAddress":" 总部：北京市海淀区宝盛北里西区28号天丰利商厦4层千锋教育 (邮编：100089) ","companyName":"北京千锋互联科技有限公司","companyUrl":"http://jobs.51job.com/all/co2537359.html","jobName":"C语言讲师","salary":"10000-14999/月","workspace":"青岛"},{"companyAddress":" 总部：北京市海淀区宝盛北里西区28号天丰利商厦4层千锋教育 (邮编：100089) ","companyName":"北京千锋互联科技有限公司","companyUrl":"http://jobs.51job.com/all/co2537359.html","jobName":"JavaScript讲师","salary":"20000-30000/月","workspace":"青岛"},{"companyAddress":" 总部：北京市海淀区宝盛北里西区28号天丰利商厦4层千锋教育 (邮编：100089) ","companyName":"北京千锋互联科技有限公司","companyUrl":"http://jobs.51job.com/all/co2537359.html","jobName":"iOS讲师","salary":"15000-25000/月","workspace":"青岛"},{"companyAddress":" 市南区燕儿岛路10号凯悦中心23层2301室 (邮编：266000) ","companyName":"青岛通世傲为国际教育信息技术有限...","companyUrl":"http://jobs.51job.com/all/co3449626.html","jobName":"集团产品总监","salary":"20000-30000/年","workspace":"青岛-市南区"},{"companyAddress":" 青岛市市北区山东路177号鲁邦广场B座511 (邮编：266001) ","companyName":"青岛加加软件服务有限公司","companyUrl":"http://jobs.51job.com/all/co2750566.html","jobName":"ASP.Net 程序员（C#）","salary":"4500-5999/月","workspace":"青岛-市北区"},{"companyAddress":" 青岛市市北区山东路177号鲁邦广场B座511 (邮编：266001) ","companyName":"青岛加加软件服务有限公司","companyUrl":"http://jobs.51job.com/all/co2750566.html","jobName":"ASP.Net软件工程师（C#）","salary":"6000-7999/月","workspace":"青岛-市北区"},{"companyAddress":" 市南区南京路 (邮编：266071) ","companyName":"青岛睿云博通网络科技有限公司","companyUrl":"http://jobs.51job.com/all/co3384156.html","jobName":"IOS高级开发","salary":"10000-14999/月","workspace":"青岛-市南区"},{"companyAddress":" 市南区南京路 (邮编：266071) ","companyName":"青岛睿云博通网络科技有限公司","companyUrl":"http://jobs.51job.com/all/co3384156.html","jobName":"ios工程师","salary":"8000-12000/月","workspace":"青岛-市南区"},{"companyAddress":" 市北区辽宁路科技街科信大厦2306 (邮编：266000) ","companyName":"淄博米查信息技术有限公司","companyUrl":"http://jobs.51job.com/all/co3834808.html","jobName":"应用后端java后台开发工程师","salary":"10000-14999/月","workspace":"青岛"},{"companyAddress":" 市北区辽宁路科技街科信大厦2306 (邮编：266000) ","companyName":"淄博米查信息技术有限公司","companyUrl":"http://jobs.51job.com/all/co3834808.html","jobName":"安卓工程师、APP后台开发人员","salary":"5000-7999/月","workspace":"青岛"},{"companyAddress":" 市北区辽宁路科技街科信大厦2306 (邮编：266000) ","companyName":"淄博米查信息技术有限公司","companyUrl":"http://jobs.51job.com/all/co3834808.html","jobName":"安卓后台开发Java工程师","salary":"10000-14999/月","workspace":"青岛"},{"companyAddress":" 市北区辽宁路科技街科信大厦2306 (邮编：266000) ","companyName":"淄博米查信息技术有限公司","companyUrl":"http://jobs.51job.com/all/co3834808.html","jobName":"安卓app后台开发工程师","salary":"9000-12000/月","workspace":"青岛"},{"companyAddress":" 市北区辽宁路科技街科信大厦2306 (邮编：266000) ","companyName":"淄博米查信息技术有限公司","companyUrl":"http://jobs.51job.com/all/co3834808.html","jobName":"应用后端开发工程师","salary":"10000-14999/月","workspace":"青岛"},{"companyAddress":" 青岛市市北区 (邮编：266071) ","companyName":"青岛蓝湾佰通信息技术有限公司","companyUrl":"http://jobs.51job.com/all/co3487439.html","jobName":"软件开发工程师","salary":"6000-7999/月","workspace":"青岛-城阳区"},{"companyAddress":" 市北区泰山路35号701/702室 (邮编：266000) ","companyName":"青岛智泰科信息技术有限公司","companyUrl":"http://jobs.51job.com/all/co3715397.html","jobName":"移动应用软件工程师","salary":"4000-8000/月","workspace":"青岛-市北区"},{"companyAddress":" 山东省日照市烟台路179号广电大大厦院内 (邮编：276800) ","companyName":"山东展望信息科技有限公司","companyUrl":"http://jobs.51job.com/all/co3835765.html","jobName":"海右.JAVA软件工程师","salary":"4500-5999/月","workspace":"异地招聘"},{"companyAddress":" 香港中路2号海航万邦中心大厦 (邮编：266000) ","companyName":"卓越金宇控股有限公司","companyUrl":"http://jobs.51job.com/all/co3629231.html","jobName":"web开发工程师","salary":"6000-7999/月","workspace":"青岛-崂山区"},{"companyAddress":" 浦东新区峨山路91弄61号陆家嘴软件园10号楼10楼东单元 (邮编：200127) ","companyName":"北京拓尔思信息技术股份有限公司上...","companyUrl":"http://jobs.51job.com/all/co1978275.html","jobName":"软件实施工程师","salary":"4500-5999/月","workspace":"青岛-市南区"},{"companyAddress":" 青岛市高新区同顺路8号招商网谷 (邮编：266111) ","companyName":"青岛信致和软件科技有限公司","companyUrl":"http://jobs.51job.com/all/co3797115.html","jobName":"Java平台开发工程师","salary":"8000-9999/月","workspace":"青岛-城阳区"},{"companyAddress":" 日照市太原路69号 (邮编：276800) ","companyName":"日照工业设计中心有限公司","companyUrl":"http://jobs.51job.com/all/co3921453.html","jobName":"网页设计师","salary":"3000-4499/月","workspace":"异地招聘"},{"companyAddress":" 青岛市市北区开封路88号百洋健康科技园 (邮编：266000) ","companyName":"青岛百洋医药科技有限公司","companyUrl":"http://jobs.51job.com/all/co1439987.html","jobName":"Java软件工程师","salary":"","workspace":"青岛"},{"companyAddress":" 青岛市城阳区王沙路438号(总部)/崂山区啤酒城附近(办事处) (邮编：266000) ","companyName":"青岛泰和美电子科技有限公司","companyUrl":"http://jobs.51job.com/all/co3550815.html","jobName":"网络运营","salary":"4500-5999/月","workspace":"青岛"},{"companyAddress":" 崂山区株洲路20号海信创智谷A座7层 (邮编：266100) ","companyName":"青岛递国之道信息科技有限公司","companyUrl":"http://jobs.51job.com/all/co3611430.html","jobName":"高级网页美工","salary":"8000-9999/月","workspace":"青岛-崂山区"},{"companyAddress":" 香港中路30号甲伟东世奥国际大厦12楼 (邮编：266000) ","companyName":"青岛伟东云教育发展有限公司","companyUrl":"http://jobs.51job.com/all/co3639875.html","jobName":"HTML5开发 五险一金 准上市","salary":"8000-9999/月","workspace":"青岛"}]