[{"companyName":"青岛启聚智能科技有限公司","companyUrl":"http://jobs.51job.com/all/co3916938.html","jobName":"Web前端开发工程师","jobUrl":"http://jobs.51job.com/qingdao/78567074.html?s=0","salary":"6000+ /月","workspace":"青岛"},{"companyName":"大连中软卓越信息技术有限公司","companyUrl":"http://jobs.51job.com/all/co3939635.html","jobName":"国企高薪聘请WEB前端培训讲师","jobUrl":"http://jobs.51job.com/qingdao/78552162.html?s=0","salary":"10000-14999/月","workspace":"青岛"},{"companyName":"青岛博云信息技术有限公司","companyUrl":"http://jobs.51job.com/all/co3135505.html","jobName":"web前端工程师","jobUrl":"http://jobs.51job.com/qingdao-hdq/75271415.html?s=0","salary":"5000-8000/月","workspace":"青岛-黄岛区"},{"companyName":"青岛博盈信息科技有限责任公司","companyUrl":"http://jobs.51job.com/all/co3723527.html","jobName":"web前端/网页设计","jobUrl":"http://jobs.51job.com/qingdao-snq/78514884.html?s=0","salary":"6000-7999/月","workspace":"青岛-市南区"},{"companyName":"甘肃绿电新能源科技发展有限公司","companyUrl":"http://jobs.51job.com/all/co3951743.html","jobName":"WEB前端开发工程师","jobUrl":"http://jobs.51job.com/qingdao-hdq/77941934.html?s=0","salary":"6000-7999/月","workspace":"青岛-黄岛区"},{"companyName":"青岛智荟掌文化传播有限公司","companyUrl":"http://jobs.51job.com/all/co3553133.html","jobName":"web前端开发工程师","jobUrl":"http://jobs.51job.com/qingdao-cyq/75463646.html?s=0","salary":"4000-6000/月","workspace":"青岛-城阳区"},{"companyName":"青岛聚品电子商务有限公司","companyUrl":"http://jobs.51job.com/all/co2812234.html","jobName":"前端工程师","jobUrl":"http://jobs.51job.com/qingdao/77345386.html?s=0","salary":"6000-7999/月","workspace":"青岛"},{"companyName":"青岛新锦桥电子商务有限公司","companyUrl":"http://jobs.51job.com/all/co3631102.html","jobName":"WEB前端开发高级工程师","jobUrl":"http://jobs.51job.com/qingdao-lsq/74920332.html?s=0","salary":"6000-7999/月","workspace":"青岛-崂山区"},{"companyName":"青岛奥博锋尚文化传媒有限公司","companyUrl":"http://jobs.51job.com/all/co2616418.html","jobName":"前端开发人员","jobUrl":"http://jobs.51job.com/qingdao-sbq/70601262.html?s=0","salary":"3000-4499/月","workspace":"青岛-市北区"},{"companyName":"青岛递国之道信息科技有限公司","companyUrl":"http://jobs.51job.com/all/co3611430.html","jobName":"web前端开发","jobUrl":"http://jobs.51job.com/qingdao-lsq/69171879.html?s=0","salary":"8000-9999/月","workspace":"青岛-崂山区"},{"companyName":"青岛万加国际供应链股份有限公司","companyUrl":"http://jobs.51job.com/all/co2941426.html","jobName":"网页前端设计师","jobUrl":"http://jobs.51job.com/qingdao-snq/60559093.html?s=0","salary":"6000-7999/月","workspace":"青岛-市南区"},{"companyName":"海视云科技有限公司","companyUrl":"http://jobs.51job.com/all/co3627002.html","jobName":"高级前端工程师","jobUrl":"http://jobs.51job.com/qingdao-lsq/75531869.html?s=0","salary":"10000-14999/月","workspace":"青岛-崂山区"},{"companyName":"青岛睿云博通网络科技有限公司","companyUrl":"http://jobs.51job.com/all/co3384156.html","jobName":"Web前端","jobUrl":"http://jobs.51job.com/qingdao-snq/74732725.html?s=0","salary":"8000-12000/月","workspace":"青岛-市南区"},{"companyName":"青岛百森通支付有限公司","companyUrl":"http://jobs.51job.com/all/co2343393.html","jobName":"WEB前端开发/UI设计","jobUrl":"http://jobs.51job.com/qingdao/73183920.html?s=0","salary":"50000-100000/年","workspace":"青岛"},{"companyName":"上海数聚软件系统股份有限公司","companyUrl":"http://jobs.51job.com/all/co2066520.html","jobName":"WEB前端工程师","jobUrl":"http://jobs.51job.com/qingdao/77957289.html?s=0","salary":"6000-7999/月","workspace":"青岛"},{"companyName":"青岛远见服务管理有限公司","companyUrl":"http://jobs.51job.com/all/co2537303.html","jobName":"前端技术","jobUrl":"http://jobs.51job.com/qingdao-jms/72073929.html?s=0","salary":"4500-5999/月","workspace":"青岛-即墨市"},{"companyName":"青岛巨数信息技术有限公司","companyUrl":"http://jobs.51job.com/all/co2408091.html","jobName":"web前端开发工程师","jobUrl":"http://jobs.51job.com/qingdao/73704615.html?s=0","salary":"6000-7999/月","workspace":"青岛"},{"companyName":"青岛华正信息技术有限公司","companyUrl":"http://jobs.51job.com/all/co2411465.html","jobName":"前端开发","jobUrl":"http://jobs.51job.com/qingdao-lsq/72708851.html?s=0","salary":"4500-5999/月","workspace":"青岛-崂山区"},{"companyName":"QST青软实训","companyUrl":"http://jobs.51job.com/all/co2778993.html","jobName":"Web前端讲师","jobUrl":"http://jobs.51job.com/qingdao/76189456.html?s=0","salary":"7000-15000/月","workspace":"青岛"},{"companyName":"青岛泰达青和软件有限公司","companyUrl":"http://jobs.51job.com/all/co3654470.html","jobName":"div+css前端","jobUrl":"http://jobs.51job.com/qingdao-sbq/76133001.html?s=0","salary":"3000-4499/月","workspace":"青岛-市北区"},{"companyName":"大连华信计算机技术股份有限公司","companyUrl":"http://jobs.51job.com/all/co252674.html","jobName":"前端工程师（工作地点：青岛）","jobUrl":"http://jobs.51job.com/qingdao/68303692.html?s=0","salary":"5000-8000/月","workspace":"青岛"},{"companyName":"青岛海尔家居集成股份有限公司","companyUrl":"http://jobs.51job.com/all/co3535200.html","jobName":"前端工程师（qd）","jobUrl":"http://jobs.51job.com/qingdao-lsq/76403092.html?s=0","salary":"5000-8000/月","workspace":"青岛-崂山区"},{"companyName":"上海新工式网络科技有限公司","companyUrl":"http://jobs.51job.com/all/co3603350.html","jobName":"前端程序员（兼职）","jobUrl":"http://jobs.51job.com/shanghai-zbq/77748710.html?s=0","salary":"75元/小时","workspace":"异地招聘"},{"companyName":"大有晋升（北京）网络科技有限公司","companyUrl":"http://jobs.51job.com/all/co3921710.html","jobName":"web前端","jobUrl":"http://jobs.51job.com/qingdao-snq/77541620.html?s=0","salary":"5000-8000/月","workspace":"青岛-市南区"},{"companyName":"中兴智能交通股份有限公司","companyUrl":"http://jobs.51job.com/all/co3554404.html","jobName":"Web前端开发","jobUrl":"http://jobs.51job.com/qingdao/74529449.html?s=0","salary":"5000-7000/月","workspace":"青岛"},{"companyName":"青岛蓝海汇网络科技有限公司","companyUrl":"http://jobs.51job.com/all/co2977887.html","jobName":"web前端开发工程师","jobUrl":"http://jobs.51job.com/qingdao/75721209.html?s=0","salary":"6000-7999/月","workspace":"青岛"},{"companyName":"青岛日光海岸酒店投资管理有限公司","companyUrl":"http://jobs.51job.com/all/co3307607.html","jobName":"web前端开发","jobUrl":"http://jobs.51job.com/qingdao-snq/78132137.html?s=0","salary":"6000-7999/月","workspace":"青岛-市南区"},{"companyName":"青岛韩华快讯网络传媒有限公司","companyUrl":"http://jobs.51job.com/all/co3054330.html","jobName":"Web前端开发","jobUrl":"http://jobs.51job.com/qingdao-snq/74360453.html?s=0","salary":"6000-7999/月","workspace":"青岛-市南区"},{"companyName":"山东以太网络科技股份有限公司","companyUrl":"http://jobs.51job.com/all/co2380023.html","jobName":"WEB前端软件工程师","jobUrl":"http://jobs.51job.com/qingdao-snq/68792484.html?s=0","salary":"6000-7999/月","workspace":"青岛-市南区"},{"companyName":"青岛仁善伟业医疗科技有限公司","companyUrl":"http://jobs.51job.com/all/co3928395.html","jobName":"Web前端开发","jobUrl":"http://jobs.51job.com/qingdao-sbq/77216225.html?s=0","salary":"6000-7999/月","workspace":"青岛-市北区"},{"companyName":"青岛福莱易通软件有限公司","companyUrl":"http://jobs.51job.com/all/co1505600.html","jobName":"web前端开发工程师","jobUrl":"http://jobs.51job.com/qingdao/77119657.html?s=0","salary":"5000-8000/月","workspace":"青岛"},{"companyName":"青岛浩赛科技有限公司","companyUrl":"http://jobs.51job.com/all/co2547814.html","jobName":"web前端开发","jobUrl":"http://jobs.51job.com/qingdao-cyq/77372965.html?s=0","salary":"6000-7999/月","workspace":"青岛-城阳区"},{"companyName":"今日澳博厨具在线","companyUrl":"http://jobs.51job.com/all/co3960671.html","jobName":"网页设计/前端开发","jobUrl":"http://jobs.51job.com/qingdao-snq/78228546.html?s=0","salary":"4000-6000/月","workspace":"青岛-市南区"},{"companyName":"青岛伊美尔国宾整形外科医院有限公司","companyUrl":"http://jobs.51job.com/all/co1403279.html","jobName":"前端开发/网页制作","jobUrl":"http://jobs.51job.com/qingdao-snq/68305904.html?s=0","salary":"4500-5999/月","workspace":"青岛-市南区"},{"companyName":"青岛深度传媒有限公司","companyUrl":"http://jobs.51job.com/all/co2596400.html","jobName":"网页前端工程师（DIV+CSS）","jobUrl":"http://jobs.51job.com/qingdao/59693747.html?s=0","salary":"3000-6000/月","workspace":"青岛"},{"companyName":"北京博达悦途文化交流有限公司","companyUrl":"http://jobs.51job.com/all/co3678659.html","jobName":"Web前端工程师","jobUrl":"http://jobs.51job.com/qingdao-lsq/70146342.html?s=0","salary":"6000-12000/月","workspace":"青岛-崂山区"},{"companyName":"北京千锋互联科技有限公司","companyUrl":"http://jobs.51job.com/all/co2537359.html","jobName":"web前端讲师","jobUrl":"http://jobs.51job.com/qingdao/74767119.html?s=0","salary":"20000-30000/月","workspace":"青岛"},{"companyName":"高登信息技术（青岛）有限公司","companyUrl":"http://jobs.51job.com/all/co3260488.html","jobName":"前端开发工程师（代码方向）","jobUrl":"http://jobs.51job.com/qingdao-snq/72821932.html?s=0","salary":"6000-7999/月","workspace":"青岛-市南区"},{"companyName":"淄博米查信息技术有限公司","companyUrl":"http://jobs.51job.com/all/co3834808.html","jobName":"Android前端开发","jobUrl":"http://jobs.51job.com/qingdao/76056007.html?s=0","salary":"6000-7999/月","workspace":"青岛"},{"companyName":"青岛通世傲为国际教育信息技术有限...","companyUrl":"http://jobs.51job.com/all/co3449626.html","jobName":"Web前端开发工程师","jobUrl":"http://jobs.51job.com/qingdao-snq/76721197.html?s=0","salary":"6000-10000/月","workspace":"青岛-市南区"},{"companyName":"青岛维客集团股份有限公司","companyUrl":"http://jobs.51job.com/all/co1682957.html","jobName":"前端开发","jobUrl":"http://jobs.51job.com/qingdao/76016476.html?s=0","salary":"4500-5999/月","workspace":"青岛"},{"companyName":"青岛首选电视电商购物有限公司","companyUrl":"http://jobs.51job.com/all/co3202250.html","jobName":"Web前端开发工程师","jobUrl":"http://jobs.51job.com/qingdao/75384347.html?s=0","salary":"4000-7000/月","workspace":"青岛"},{"companyName":"青岛蓝湾佰通信息技术有限公司","companyUrl":"http://jobs.51job.com/all/co3487439.html","jobName":"web前端开发工程师","jobUrl":"http://jobs.51job.com/qingdao-cyq/67169155.html?s=0","salary":"6000-7999/月","workspace":"青岛-城阳区"},{"companyName":"青岛智泰科信息技术有限公司","companyUrl":"http://jobs.51job.com/all/co3715397.html","jobName":"Unity3d前端程序","jobUrl":"http://jobs.51job.com/qingdao-lsq/76492940.html?s=0","salary":"10000-14999/月","workspace":"青岛-崂山区"},{"companyName":"青岛特来电新能源有限公司","companyUrl":"http://jobs.51job.com/all/co3748306.html","jobName":"web前端开发工程师","jobUrl":"http://jobs.51job.com/qingdao-lsq/78218254.html?s=0","salary":"8000-15000/月","workspace":"青岛-崂山区"},{"companyName":"山东汇思前程人力资源有限公司","companyUrl":"http://jobs.51job.com/all/co3584410.html","jobName":"WEB前端开发工程师","jobUrl":"http://jobs.51job.com/qingdao-hdq/74413829.html?s=0","salary":"4500-5999/月","workspace":"青岛-黄岛区"},{"companyName":"卓越金宇控股有限公司","companyUrl":"http://jobs.51job.com/all/co3629231.html","jobName":"互联网前端","jobUrl":"http://jobs.51job.com/qingdao-lsq/73525548.html?s=0","salary":"6000-7999/月","workspace":"青岛-崂山区"},{"companyName":"青岛大有信息技术有限公司","companyUrl":"http://jobs.51job.com/all/co2581452.html","jobName":"网页设计/美工/网站制作/web前端（五险一金+高薪）","jobUrl":"http://jobs.51job.com/qingdao-snq/65249522.html?s=0","salary":"3000-4499/月","workspace":"青岛-市南区"},{"companyName":"烟台小樱桃网络科技有限公司","companyUrl":"http://jobs.51job.com/all/co3958521.html","jobName":"Web前端工程师","jobUrl":"http://jobs.51job.com/yantai/78173197.html?s=0","salary":"4500-5999/月","workspace":"异地招聘"},{"companyName":"青岛大快搜索数据技术有限公司","companyUrl":"http://jobs.51job.com/all/co3684889.html","jobName":"网页设计师/前端工程师","jobUrl":"http://jobs.51job.com/qingdao-lsq/70175950.html?s=0","salary":"4500-5999/月","workspace":"青岛-崂山区"},{"companyName":"青岛亚讯图航网络科技有限公司","companyUrl":"http://jobs.51job.com/all/co2293060.html","jobName":"Html5前端开发工程师","jobUrl":"http://jobs.51job.com/qingdao-snq/73752015.html?s=0","salary":"4500-5999/月","workspace":"青岛-市南区"},{"companyName":"北京拓尔思信息技术股份有限公司上...","companyUrl":"http://jobs.51job.com/all/co1978275.html","jobName":"前端开发工程师","jobUrl":"http://jobs.51job.com/qingdao-snq/59311996.html?s=0","salary":"8000-9999/月","workspace":"青岛-市南区"},{"companyName":"青岛藤蔓资产管理有限公司","companyUrl":"http://jobs.51job.com/all/co3605475.html","jobName":"web前端工程师","jobUrl":"http://jobs.51job.com/qingdao-snq/78082704.html?s=0","salary":"6000-8000/月","workspace":"青岛-市南区"},{"companyName":"青岛百洋医药科技有限公司","companyUrl":"http://jobs.51job.com/all/co1439987.html","jobName":"PHP中高级程序员/前端工程师","jobUrl":"http://jobs.51job.com/qingdao/60721970.html?s=0","salary":"","workspace":"青岛"},{"companyName":"青岛云意网络科技有限公司","companyUrl":"http://jobs.51job.com/all/co3738601.html","jobName":"网页前端美术工程师","jobUrl":"http://jobs.51job.com/qingdao-cyq/77358164.html?s=0","salary":"6000-7999/月","workspace":"青岛-城阳区"},{"companyName":"青岛果子科技有限公司","companyUrl":"http://jobs.51job.com/all/co3059126.html","jobName":"网页美工设计师/前端设计师/网页美工","jobUrl":"http://jobs.51job.com/qingdao-lsq/70810187.html?s=0","salary":"3000-6999/月","workspace":"青岛-崂山区"},{"companyName":"山东金宏润智能化工程有限公司","companyUrl":"http://jobs.51job.com/all/co3834163.html","jobName":"HTML5前端开发工程师","jobUrl":"http://jobs.51job.com/qingdao/77495339.html?s=0","salary":"8000-12000/月","workspace":"青岛"},{"companyName":"鲁诺集团","companyUrl":"http://jobs.51job.com/all/co2649167.html","jobName":"Web前端制作、设计（UI设计师）","jobUrl":"http://jobs.51job.com/qingdao-cyq/75957709.html?s=0","salary":"10-15万/年","workspace":"青岛-城阳区"},{"companyName":"青岛智远行国际旅行社有限公司","companyUrl":"http://jobs.51job.com/all/co3708609.html","jobName":"前端工程师(北京西城区职位)","jobUrl":"http://jobs.51job.com/beijing-xcq/76108985.html?s=0","salary":"10000-14999/月","workspace":"异地招聘"},{"companyName":"青岛黑晶信息技术有限公司","companyUrl":"http://jobs.51job.com/all/co2654255.html","jobName":"Web前端","jobUrl":"http://jobs.51job.com/qingdao/69155001.html?s=0","salary":"4500-5999/月","workspace":"青岛"},{"companyName":"深圳市东信时代信息技术有限公司","companyUrl":"http://jobs.51job.com/all/co2634982.html","jobName":"Web前端工程师","jobUrl":"http://jobs.51job.com/qingdao/68418991.html?s=0","salary":"6000-7999/月","workspace":"青岛"},{"companyName":"青岛世纪良品电子商务股份有限公司","companyUrl":"http://jobs.51job.com/all/co2250987.html","jobName":"Web前端","jobUrl":"http://jobs.51job.com/qingdao/74440649.html?s=0","salary":"4000-7000/月","workspace":"青岛"},{"companyName":"青岛泰克斯泰网络科技股份有限公司","companyUrl":"http://jobs.51job.com/all/co3032014.html","jobName":"前端开发工程师","jobUrl":"http://jobs.51job.com/qingdao/76438481.html?s=0","salary":"5000-8000/月","workspace":"青岛"},{"companyName":"北京盛安德科技发展有限公司","companyUrl":"http://jobs.51job.com/all/co157144.html","jobName":"Web前端工程师","jobUrl":"http://jobs.51job.com/qingdao/77638234.html?s=0","salary":"6000-7999/月","workspace":"青岛"},{"companyName":"青岛百洋智能科技股份有限公司","companyUrl":"http://jobs.51job.com/all/co3565771.html","jobName":"JAVA软件开发工程师（中级）","jobUrl":"http://jobs.51job.com/qingdao-sbq/78570793.html?s=0","salary":"6000-7999/月","workspace":"青岛-市北区"},{"companyName":"青岛海威茨仪表有限公司","companyUrl":"http://jobs.51job.com/all/co2194832.html","jobName":"软件工程师","jobUrl":"http://jobs.51job.com/qingdao/78401130.html?s=0","salary":"50000-100000/年","workspace":"青岛"},{"companyName":"青岛海施智健商贸有限公司","companyUrl":"http://jobs.51job.com/all/co3862805.html","jobName":"商务助理","jobUrl":"http://jobs.51job.com/qingdao/75225820.html?s=0","salary":"2000-2999/月","workspace":"青岛"},{"companyName":"青岛拓天信息技术有限公司","companyUrl":"http://jobs.51job.com/all/co3027212.html","jobName":".NET软件开发工程师","jobUrl":"http://jobs.51job.com/qingdao-sbq/74233542.html?s=0","salary":"7000-8000/月","workspace":"青岛-市北区"},{"companyName":"海信空调公司","companyUrl":"http://jobs.51job.com/all/co2390927.html","jobName":"资源工程师","jobUrl":"http://jobs.51job.com/qingdao-snq/78524783.html?s=0","salary":"1500以下/月","workspace":"青岛-市南区"},{"companyName":"青岛运动汇信息科技有限公司","companyUrl":"http://jobs.51job.com/all/co3955920.html","jobName":"PHP软件工程师","jobUrl":"http://jobs.51job.com/qingdao-lcq/78217124.html?s=0","salary":"6000-7999/月","workspace":"青岛-李沧区"},{"companyName":"青岛量谷无线科技有限公司","companyUrl":"http://jobs.51job.com/all/co2962563.html","jobName":"软件开发工程师","jobUrl":"http://jobs.51job.com/qingdao/77909238.html?s=0","salary":"5000-9000/月","workspace":"青岛"},{"companyName":"青岛广电中视文化有限公司","companyUrl":"http://jobs.51job.com/all/co2673960.html","jobName":"网站技术人员","jobUrl":"http://jobs.51job.com/qingdao-snq/77824970.html?s=0","salary":"3000-4499/月","workspace":"青岛-市南区"},{"companyName":"青岛腾程伟业餐饮管理有限公司","companyUrl":"http://jobs.51job.com/all/co3460797.html","jobName":"PHP程序员","jobUrl":"http://jobs.51job.com/qingdao-cyq/64839953.html?s=0","salary":"3000-4499/月","workspace":"青岛-城阳区"},{"companyName":"青岛商信杰克网络科技有限公司","companyUrl":"http://jobs.51job.com/all/co3937528.html","jobName":"网站制作工程师","jobUrl":"http://jobs.51job.com/qingdao-cyq/77492863.html?s=0","salary":"4500-5999/月","workspace":"青岛-城阳区"},{"companyName":"新立迅软件服务（青岛）有限公司","companyUrl":"http://jobs.51job.com/all/co2300869.html","jobName":".Net初级程序员","jobUrl":"http://jobs.51job.com/qingdao/64001450.html?s=0","salary":"3000-4499/月","workspace":"青岛"},{"companyName":"青岛永基测控设备有限公司","companyUrl":"http://jobs.51job.com/all/co3687370.html","jobName":"中高级网站开发","jobUrl":"http://jobs.51job.com/qingdao/71743324.html?s=0","salary":"6000-7999/月","workspace":"青岛"},{"companyName":"广东锐捷物流有限公司","companyUrl":"http://jobs.51job.com/all/co3903521.html","jobName":"青岛java开发工程师","jobUrl":"http://jobs.51job.com/qingdao/76427498.html?s=0","salary":"5000-9000/月","workspace":"青岛"},{"companyName":"聚力精彩（北京）信息技术有限公司","companyUrl":"http://jobs.51job.com/all/co3685062.html","jobName":"系统架构师SND","jobUrl":"http://jobs.51job.com/qingdao/72852484.html?s=0","salary":"8000-10000/月","workspace":"青岛"},{"companyName":"青岛海信医疗设备股份有限公司","companyUrl":"http://jobs.51job.com/all/co3912197.html","jobName":"B超硬件研发专家","jobUrl":"http://jobs.51job.com/qingdao-lsq/76851666.html?s=0","salary":"10000-20000/月","workspace":"青岛-崂山区"},{"companyName":"海信电器股份公司","companyUrl":"http://jobs.51job.com/all/co2390921.html","jobName":"模具专家","jobUrl":"http://jobs.51job.com/qingdao-hdq/75564097.html?s=0","salary":"20000-24999/月","workspace":"青岛-黄岛区"},{"companyName":"海信智能商用设备公司","companyUrl":"http://jobs.51job.com/all/co2390945.html","jobName":"Web开发工程师","jobUrl":"http://jobs.51job.com/qingdao-lsq/75144539.html?s=0","salary":"8000-9999/月","workspace":"青岛-崂山区"},{"companyName":"青岛克路德机器人有限公司","companyUrl":"http://jobs.51job.com/all/co3905888.html","jobName":"Java软件开发工程师","jobUrl":"http://jobs.51job.com/qingdao-lsq/76567324.html?s=0","salary":"4000-8000/月","workspace":"青岛-崂山区"},{"companyName":"北京首经技术培训中心青岛分公司","companyUrl":"http://jobs.51job.com/all/co3925719.html","jobName":"HTML5","jobUrl":"http://jobs.51job.com/qingdao-lsq/77119367.html?s=0","salary":"6000-7999/月","workspace":"青岛-崂山区"},{"companyName":"青岛赤金网络技术有限公司","companyUrl":"http://jobs.51job.com/all/co3014877.html","jobName":"Web开发工程师 asp .net C#","jobUrl":"http://jobs.51job.com/qingdao-snq/68428687.html?s=0","salary":"4500-5999/月","workspace":"青岛-市南区"},{"companyName":"北京东方国信科技股份有限公司","companyUrl":"http://jobs.51job.com/all/co108009.html","jobName":"java开发工程师（YDSY）","jobUrl":"http://jobs.51job.com/qingdao/77844760.html?s=0","salary":"4500-5999/月","workspace":"青岛"},{"companyName":"青岛科恩锐通信息技术股份有限公司","companyUrl":"http://jobs.51job.com/all/co2285496.html","jobName":".net软件开发工程师","jobUrl":"http://jobs.51job.com/qingdao-cyq/68300710.html?s=0","salary":"3000-4499/月","workspace":"青岛-城阳区"},{"companyName":"北京博看文思信息技术有限公司青岛...","companyUrl":"http://jobs.51job.com/all/co3360749.html","jobName":"高薪诚聘PHP讲师（双休、五险）","jobUrl":"http://jobs.51job.com/qingdao-snq/78279165.html?s=0","salary":"6000-7999/月","workspace":"青岛-市南区"},{"companyName":"青岛蓝海软通信息技术有限公司","companyUrl":"http://jobs.51job.com/all/co3745009.html","jobName":"Html5开发工程师","jobUrl":"http://jobs.51job.com/qingdao-lsq/75397232.html?s=0","salary":"5000-7000/月","workspace":"青岛-崂山区"},{"companyName":"青岛百灵信息科技有限公司","companyUrl":"http://jobs.51job.com/all/co2413369.html","jobName":"HTML5开发工程师","jobUrl":"http://jobs.51job.com/qingdao-lsq/74575476.html?s=0","salary":"8000-9999/月","workspace":"青岛-崂山区"},{"companyName":"青岛中康通信有限公司","companyUrl":"http://jobs.51job.com/all/co3322917.html","jobName":"美工/设计","jobUrl":"http://jobs.51job.com/qingdao/73235251.html?s=0","salary":"4000+ /月","workspace":"青岛"},{"companyName":"青岛易天下网络科技有限公司","companyUrl":"http://jobs.51job.com/all/co2391363.html","jobName":"网站开发工程师(高薪+双休)","jobUrl":"http://jobs.51job.com/qingdao-sbq/70469604.html?s=0","salary":"5-6万/年","workspace":"青岛-市北区"},{"companyName":"青岛安永信息技术有限公司","companyUrl":"http://jobs.51job.com/all/co3311451.html","jobName":"兼职微信开发","jobUrl":"http://jobs.51job.com/qingdao-snq/73427922.html?s=0","salary":"3000-4499/月","workspace":"青岛-市南区"},{"companyName":"青岛亿和互联网络科技有限公司","companyUrl":"http://jobs.51job.com/all/co3887614.html","jobName":"网页设计/美工","jobUrl":"http://jobs.51job.com/qingdao-snq/78067572.html?s=0","salary":"4000-6000/月","workspace":"青岛-市南区"},{"companyName":"青岛钲世控股集团有限公司","companyUrl":"http://jobs.51job.com/all/co3855928.html","jobName":"java高级工程师","jobUrl":"http://jobs.51job.com/qingdao-sbq/78342265.html?s=0","salary":"8000-12000/月","workspace":"青岛-市北区"},{"companyName":"青岛洪海龙腾电子商务有限公司","companyUrl":"http://jobs.51job.com/all/co3874489.html","jobName":"Java开发架构师-WEB方向/大咖团队","jobUrl":"http://jobs.51job.com/qingdao-snq/75785593.html?s=0","salary":"10000-14999/月","workspace":"青岛-市南区"},{"companyName":"北京盛安德科技发展有限公司青岛第...","companyUrl":"http://jobs.51job.com/all/co3098397.html","jobName":"PHP开发工程师","jobUrl":"http://jobs.51job.com/qingdao-lsq/68204921.html?s=0","salary":"8000-9999/月","workspace":"青岛-崂山区"},{"companyName":"青岛金溢科技有限公司","companyUrl":"http://jobs.51job.com/all/co3850796.html","jobName":"设备工程师","jobUrl":"http://jobs.51job.com/qingdao/77925503.html?s=0","salary":"4000-6000/月","workspace":"青岛"},{"companyName":"海信网络科技公司","companyUrl":"http://jobs.51job.com/all/co2390934.html","jobName":"开发主管（运维服务）","jobUrl":"http://jobs.51job.com/qingdao/74299369.html?s=0","salary":"100000-250000/年","workspace":"青岛"},{"companyName":"青岛东软载波科技股份有限公司","companyUrl":"http://jobs.51job.com/all/co3226762.html","jobName":"javaweb开发工程师","jobUrl":"http://jobs.51job.com/qingdao-sbq/69187703.html?s=0","salary":"4500-5999/月","workspace":"青岛-市北区"},{"companyName":"青岛禧泰房地产数据有限公司","companyUrl":"http://jobs.51job.com/all/co3577924.html","jobName":"css工程师","jobUrl":"http://jobs.51job.com/qingdao-snq/72440245.html?s=0","salary":"4000-8000/月","workspace":"青岛-市南区"},{"companyName":"青岛英派斯健康科技有限公司","companyUrl":"http://jobs.51job.com/all/co3081725.html","jobName":".NET软件开发工程师","jobUrl":"http://jobs.51job.com/qingdao-jms/56690311.html?s=0","salary":"6000-7999/月","workspace":"青岛-即墨市"},{"companyName":"青岛红领服饰股份有限公司","companyUrl":"http://jobs.51job.com/all/co252021.html","jobName":"Java开发工程师-后台开发","jobUrl":"http://jobs.51job.com/qingdao-lsq/76757666.html?s=0","salary":"8000-9999/月","workspace":"青岛-崂山区"},{"companyName":"青岛华仁信息传播有限公司","companyUrl":"http://jobs.51job.com/all/co3031542.html","jobName":"微信PHP应用开发工程师","jobUrl":"http://jobs.51job.com/qingdao/78084288.html?s=0","salary":"6000-7999/月","workspace":"青岛"},{"companyName":"青岛紫光软件系统有限公司","companyUrl":"http://jobs.51job.com/all/co2464868.html","jobName":"微信PHP应用开发工程师","jobUrl":"http://jobs.51job.com/qingdao/74022307.html?s=0","salary":"4000+ /月","workspace":"青岛"},{"companyName":"北京值得买科技股份有限公司青岛分...","companyUrl":"http://jobs.51job.com/all/co3898035.html","jobName":"高级PHP工程师","jobUrl":"http://jobs.51job.com/qingdao/76433355.html?s=0","salary":"8000-12000/月","workspace":"青岛"},{"companyName":"青岛二三网络科技有限公司","companyUrl":"http://jobs.51job.com/all/co3756723.html","jobName":"高薪诚聘PHP工程师","jobUrl":"http://jobs.51job.com/qingdao-snq/72119565.html?s=0","salary":"6000-10000/月","workspace":"青岛-市南区"},{"companyName":"青岛众恒信息科技股份有限公司","companyUrl":"http://jobs.51job.com/all/co3347430.html","jobName":"UI设计师","jobUrl":"http://jobs.51job.com/qingdao/78413849.html?s=0","salary":"6000-7999/月","workspace":"青岛"},{"companyName":"山东运达电子商务有限公司青岛分公司","companyUrl":"http://jobs.51job.com/all/co3036219.html","jobName":"andiord 软件开发工程师","jobUrl":"http://jobs.51job.com/qingdao-cyq/77866705.html?s=0","salary":"4500-5999/月","workspace":"青岛-城阳区"},{"companyName":"山东新浪信息科技有限公司","companyUrl":"http://jobs.51job.com/all/co3640156.html","jobName":"PHP技术支持","jobUrl":"http://jobs.51job.com/qingdao-snq/77533743.html?s=0","salary":"3000-4499/月","workspace":"青岛-市南区"},{"companyName":"青岛贺喜来网络科技有限公司","companyUrl":"http://jobs.51job.com/all/co3692262.html","jobName":".NET程序员","jobUrl":"http://jobs.51job.com/qingdao-snq/70367381.html?s=0","salary":"5000-10000/月","workspace":"青岛-市南区"},{"companyName":"青岛久信投资管理有限公司","companyUrl":"http://jobs.51job.com/all/co3041098.html","jobName":"java开发工程师","jobUrl":"http://jobs.51job.com/qingdao-sbq/77909971.html?s=0","salary":"6000-7999/月","workspace":"青岛-市北区"},{"companyName":"青岛民航凯亚系统集成有限公司","companyUrl":"http://jobs.51job.com/all/co2685183.html","jobName":"Web开发工程师","jobUrl":"http://jobs.51job.com/qingdao/71349079.html?s=0","salary":"8-10万/年","workspace":"青岛"},{"companyName":"青岛超能国际物流有限公司","companyUrl":"http://jobs.51job.com/all/co3524168.html","jobName":"Web工程师","jobUrl":"http://jobs.51job.com/shanghai-zbq/75982536.html?s=0","salary":"10000-14999/月","workspace":"异地招聘"},{"companyName":"青岛光惠乾盛信息技术有限公司","companyUrl":"http://jobs.51job.com/all/co3494599.html","jobName":"软件开发工程师","jobUrl":"http://jobs.51job.com/qingdao-cyq/69660374.html?s=0","salary":"6000-7999/月","workspace":"青岛-城阳区"},{"companyName":"青岛加加软件服务有限公司","companyUrl":"http://jobs.51job.com/all/co2750566.html","jobName":"HTML5开发工程师","jobUrl":"http://jobs.51job.com/qingdao-sbq/72050216.html?s=0","salary":"5000-10000/月","workspace":"青岛-市北区"},{"companyName":"青岛高校信息产业股份有限公司","companyUrl":"http://jobs.51job.com/all/co3572193.html","jobName":"JAVA 高级工程师","jobUrl":"http://jobs.51job.com/qingdao/67849705.html?s=0","salary":"8000-9999/月","workspace":"青岛"},{"companyName":"青岛云开信息科技股份有限公司","companyUrl":"http://jobs.51job.com/all/co3517602.html","jobName":".Net开发工程师","jobUrl":"http://jobs.51job.com/qingdao/71769213.html?s=0","salary":"6000-12000/月","workspace":"青岛"},{"companyName":"青岛伟东云教育发展有限公司","companyUrl":"http://jobs.51job.com/all/co3639875.html","jobName":"java软件工程师","jobUrl":"http://jobs.51job.com/qingdao-snq/69045883.html?s=0","salary":"6000-7999/月","workspace":"青岛-市南区"},{"companyName":"青岛北斗聚星网络科技有限公司","companyUrl":"http://jobs.51job.com/all/co2257033.html","jobName":"java工程师","jobUrl":"http://jobs.51job.com/qingdao/77363862.html?s=0","salary":"4500-5999/月","workspace":"青岛"},{"companyName":"青岛西博开龙软件有限公司","companyUrl":"http://jobs.51job.com/all/co2388211.html","jobName":"JAVA高级开发","jobUrl":"http://jobs.51job.com/qingdao-sbq/76398327.html?s=0","salary":"10-15万/年","workspace":"青岛-市北区"},{"companyName":"青岛悦网网络科技股份有限公司","companyUrl":"http://jobs.51job.com/all/co3758888.html","jobName":"UI设计师","jobUrl":"http://jobs.51job.com/qingdao-snq/72316453.html?s=0","salary":"6000-7999/月","workspace":"青岛-市南区"},{"companyName":"青岛世瑞商贸有限公司","companyUrl":"http://jobs.51job.com/all/co3236102.html","jobName":"天猫美工/淘宝美工/电商美工/网店美工","jobUrl":"http://jobs.51job.com/qingdao-lsq/70776786.html?s=0","salary":"4000-8000/月","workspace":"青岛-崂山区"},{"companyName":"青岛信软科技有限公司","companyUrl":"http://jobs.51job.com/all/co2227275.html","jobName":"JAVA软件开发","jobUrl":"http://jobs.51job.com/qingdao-snq/58384410.html?s=0","salary":"5000-8000/月","workspace":"青岛-市南区"},{"companyName":"青岛博泰恒国际贸易有限公司","companyUrl":"http://jobs.51job.com/all/co3915187.html","jobName":"电商运营专员","jobUrl":"http://jobs.51job.com/qingdao-hdq/76884454.html?s=0","salary":"3000-4499/月","workspace":"青岛-黄岛区"},{"companyName":"青岛华韩整形美容医院有限公司","companyUrl":"http://jobs.51job.com/all/co2599007.html","jobName":"新媒体运营","jobUrl":"http://jobs.51job.com/qingdao-snq/66186304.html?s=0","salary":"4500-5999/月","workspace":"青岛-市南区"},{"companyName":"青岛时代新维网络科技有限公司","companyUrl":"http://jobs.51job.com/all/co3886925.html","jobName":"PHP技术总监","jobUrl":"http://jobs.51job.com/qingdao/78243715.html?s=0","salary":"6000-8000/月","workspace":"青岛"},{"companyName":"青岛泰和美电子科技有限公司","companyUrl":"http://jobs.51job.com/all/co3550815.html","jobName":"电子商务部主管","jobUrl":"http://jobs.51job.com/qingdao-cyq/66980675.html?s=0","salary":"4500-5999/月","workspace":"青岛-城阳区"},{"companyName":"青岛搜讯传媒有限公司","companyUrl":"http://jobs.51job.com/all/co3022541.html","jobName":"H5专员（代码方向）","jobUrl":"http://jobs.51job.com/qingdao-snq/77331219.html?s=0","salary":"4500-5999/月","workspace":"青岛-市南区"},{"companyName":"惠众商务顾问（北京）有限公司山东...","companyUrl":"http://jobs.51job.com/all/co3086960.html","jobName":"PHP开发工程师","jobUrl":"http://jobs.51job.com/qingdao/74290755.html?s=0","salary":"6000-7999/月","workspace":"青岛"},{"companyName":"青岛丰华时代信息技术有限公司","companyUrl":"http://jobs.51job.com/all/co3823437.html","jobName":"JAVA后台开发","jobUrl":"http://jobs.51job.com/qingdao-cyq/73991543.html?s=0","salary":"5000-10000/月","workspace":"青岛-城阳区"},{"companyName":"山东展望信息科技有限公司","companyUrl":"http://jobs.51job.com/all/co3835765.html","jobName":"海右.Java软件讲师","jobUrl":"http://jobs.51job.com/rizhao/76021580.html?s=0","salary":"4500-5999/月","workspace":"异地招聘"},{"companyName":"上海音智达信息技术有限公司","companyUrl":"http://jobs.51job.com/all/co2653797.html","jobName":"初级BI咨询顾问","jobUrl":"http://jobs.51job.com/qingdao/47902267.html?s=0","salary":"8000-9999/月","workspace":"青岛"},{"companyName":"青岛元果数码科技有限公司","companyUrl":"http://jobs.51job.com/all/co2396829.html","jobName":"微信公众平台开发","jobUrl":"http://jobs.51job.com/qingdao-lsq/75722256.html?s=0","salary":"4500-5999/月","workspace":"青岛-崂山区"},{"companyName":"山东嘉瑞工业发展有限公司","companyUrl":"http://jobs.51job.com/all/co2624281.html","jobName":"PHP开发工程师","jobUrl":"http://jobs.51job.com/qingdao-sbq/76093439.html?s=0","salary":"8000-9999/月","workspace":"青岛-市北区"},{"companyName":"北京赞同科技发展有限公司","companyUrl":"http://jobs.51job.com/all/co2966427.html","jobName":"软件工程师-青岛","jobUrl":"http://jobs.51job.com/qingdao-hdq/64306755.html?s=0","salary":"4500-5999/月","workspace":"青岛-黄岛区"},{"companyName":"青岛宇航教育有限公司","companyUrl":"http://jobs.51job.com/all/co3296539.html","jobName":"网页设计/制作","jobUrl":"http://jobs.51job.com/qingdao-lcq/78211288.html?s=0","salary":"2000-2999/月","workspace":"青岛-李沧区"},{"companyName":"青岛彼岸电子商务有限公司","companyUrl":"http://jobs.51job.com/all/co3769097.html","jobName":"中高级网站/淘宝美工","jobUrl":"http://jobs.51job.com/qingdao-cyq/77417917.html?s=0","salary":"4500-5999/月","workspace":"青岛-城阳区"},{"companyName":"橡胶谷集团有限公司","companyUrl":"http://jobs.51job.com/all/co2721436.html","jobName":"前台开发工程师","jobUrl":"http://jobs.51job.com/qingdao-sbq/69870582.html?s=0","salary":"4500-5999/月","workspace":"青岛-市北区"},{"companyName":"青岛商通天下网络科技有限公司","companyUrl":"http://jobs.51job.com/all/co2480337.html","jobName":"产品经理","jobUrl":"http://jobs.51job.com/qingdao/70788844.html?s=0","salary":"4500-5999/月","workspace":"青岛"},{"companyName":"青岛信致和软件科技有限公司","companyUrl":"http://jobs.51job.com/all/co3797115.html","jobName":"高级软件工程师/java系统工程师","jobUrl":"http://jobs.51job.com/qingdao-cyq/74338186.html?s=0","salary":"10000-14999/月","workspace":"青岛-城阳区"},{"companyName":"歌尔声学股份有限公司","companyUrl":"http://jobs.51job.com/all/co483825.html","jobName":"DQA 经理(001817)","jobUrl":"http://jobs.51job.com/qingdao/75593800.html?s=0","salary":"10000-14999/月","workspace":"青岛"},{"companyName":"日照工业设计中心有限公司","companyUrl":"http://jobs.51job.com/all/co3921453.html","jobName":"服务设计经理","jobUrl":"http://jobs.51job.com/rizhao/77005972.html?s=0","salary":"3000-4499/月","workspace":"异地招聘"},{"companyName":"青岛蜜福堂健康科技有限公司","companyUrl":"http://jobs.51job.com/all/co2321086.html","jobName":"Java软件工程师","jobUrl":"http://jobs.51job.com/qingdao-sbq/71740615.html?s=0","salary":"3500-7000/月","workspace":"青岛-市北区"},{"companyName":"青岛猎城网络信息有限公司","companyUrl":"http://jobs.51job.com/all/co2388531.html","jobName":"技术总监","jobUrl":"http://jobs.51job.com/qingdao-cyq/76332799.html?s=0","salary":"8000-10000/月","workspace":"青岛-城阳区"},{"companyName":"北京友联天创科技有限公司","companyUrl":"http://jobs.51job.com/all/co2459290.html","jobName":"软件UI工程师","jobUrl":"http://jobs.51job.com/qingdao/76276039.html?s=0","salary":"4500-5999/月","workspace":"青岛"},{"companyName":"施可丰化工股份有限公司","companyUrl":"http://jobs.51job.com/all/co3004783.html","jobName":"JAVA工程师","jobUrl":"http://jobs.51job.com/linyi/77041840.html?s=0","salary":"5000-12000/月","workspace":"异地招聘"},{"companyName":"青岛浦利医疗技术有限公司","companyUrl":"http://jobs.51job.com/all/co3734929.html","jobName":"数据库开发工程师","jobUrl":"http://jobs.51job.com/qingdao-sbq/77867468.html?s=0","salary":"6000-7999/月","workspace":"青岛-市北区"},{"companyName":"青岛澳柯玛自动售货机股份有限公司","companyUrl":"http://jobs.51job.com/all/co2485563.html","jobName":"Android软件工程师","jobUrl":"http://jobs.51job.com/qingdao-lsq/74187226.html?s=0","salary":"4500-5999/月","workspace":"青岛-崂山区"},{"companyName":"青岛奇之缘网络信息服务有限公司","companyUrl":"http://jobs.51job.com/all/co2475824.html","jobName":"PHP开发","jobUrl":"http://jobs.51job.com/qingdao/73940051.html?s=0","salary":"10-15万/年","workspace":"青岛"},{"companyName":"青岛思诺科德信息技术有限公司","companyUrl":"http://jobs.51job.com/all/co3931951.html","jobName":"html5","jobUrl":"http://jobs.51job.com/qingdao/77707475.html?s=0","salary":"3000-6000/月","workspace":"青岛"},{"companyName":"重庆海尔小额贷款有限公司","companyUrl":"http://jobs.51job.com/all/co3329860.html","jobName":"金融业务专员","jobUrl":"http://jobs.51job.com/qingdao/76774632.html?s=0","salary":"","workspace":"青岛"},{"companyName":"海尔集团-白电集团","companyUrl":"http://jobs.51job.com/all/co2210601.html","jobName":"UI设计工程师","jobUrl":"http://jobs.51job.com/qingdao/74402917.html?s=0","salary":"8000-9999/月","workspace":"青岛"},{"companyName":"海尔集团-数码及个人产品集团","companyUrl":"http://jobs.51job.com/all/co2210602.html","jobName":"PHP工程师","jobUrl":"http://jobs.51job.com/qingdao/71658935.html?s=0","salary":"10-15万/年","workspace":"青岛"},{"companyName":"海尔电器集团有限公司","companyUrl":"http://jobs.51job.com/all/co2210611.html","jobName":"移动端页面设计","jobUrl":"http://jobs.51job.com/qingdao-lsq/66064966.html?s=0","salary":"4500-5999/月","workspace":"青岛-崂山区"},{"companyName":"青岛美迪康数字工程有限公司","companyUrl":"http://jobs.51job.com/all/co2165935.html","jobName":"ASP.NET开发工程师","jobUrl":"http://jobs.51job.com/qingdao-snq/77126311.html?s=0","salary":"5000-12000/月","workspace":"青岛-市南区"},{"companyName":"青岛卓尔特信息科技有限公司","companyUrl":"http://jobs.51job.com/all/co3610844.html","jobName":"C#软件工程师","jobUrl":"http://jobs.51job.com/qingdao-sbq/73929983.html?s=0","salary":"3000-4499/月","workspace":"青岛-市北区"},{"companyName":"北京北方科诚科技股份有限公司","companyUrl":"http://jobs.51job.com/all/co2953681.html","jobName":"产品经理","jobUrl":"http://jobs.51job.com/beijing-hdq/76526303.html?s=0","salary":"10000-14999/月","workspace":"异地招聘"},{"companyName":"青岛齐天创新工业产品设计有限公司","companyUrl":"http://jobs.51job.com/all/co3315446.html","jobName":"UI设计师","jobUrl":"http://jobs.51job.com/qingdao/69791916.html?s=0","salary":"8000-10000/月","workspace":"青岛"},{"companyName":"青岛金利时电子科技有限公司","companyUrl":"http://jobs.51job.com/all/co2507706.html","jobName":"Web开发工程师","jobUrl":"http://jobs.51job.com/qingdao-snq/77275020.html?s=0","salary":"8000-9999/月","workspace":"青岛-市南区"},{"companyName":"青岛新视界网络有限公司","companyUrl":"http://jobs.51job.com/all/co3635371.html","jobName":"高级net工程师","jobUrl":"http://jobs.51job.com/qingdao-lsq/76969890.html?s=0","salary":"6000-12000/月","workspace":"青岛-崂山区"},{"companyName":"青岛大宗商品交易中心有限公司","companyUrl":"http://jobs.51job.com/all/co3932884.html","jobName":"网页设计/制作","jobUrl":"http://jobs.51job.com/qingdao/77337611.html?s=0","salary":"","workspace":"青岛"},{"companyName":"青岛相智信息技术有限公司","companyUrl":"http://jobs.51job.com/all/co2471281.html","jobName":"高级JAVA软件开发工程师","jobUrl":"http://jobs.51job.com/qingdao-sbq/69980510.html?s=0","salary":"3000-6000/月","workspace":"青岛-市北区"},{"companyName":"青岛东软睿道教育信息技术有限公司","companyUrl":"http://jobs.51job.com/all/co3741098.html","jobName":"东软Java开发（可非专业）","jobUrl":"http://jobs.51job.com/qingdao-hdq/73949864.html?s=0","salary":"3000-4499/月","workspace":"青岛-黄岛区"},{"companyName":"青岛智慧互联信息科技有限公司","companyUrl":"http://jobs.51job.com/all/co3918282.html","jobName":"PHP工程师","jobUrl":"http://jobs.51job.com/qingdao-lcq/77104841.html?s=0","salary":"3000-4000/月","workspace":"青岛-李沧区"},{"companyName":"青岛卓日品牌策划设计有限公司","companyUrl":"http://jobs.51job.com/all/co384565.html","jobName":"广告创意总监","jobUrl":"http://jobs.51job.com/qingdao-snq/69015386.html?s=0","salary":"4500-5999/月","workspace":"青岛-市南区"},{"companyName":"青岛健一氏商贸有限公司","companyUrl":"http://jobs.51job.com/all/co3801972.html","jobName":"优秀程序员","jobUrl":"http://jobs.51job.com/qingdao-lsq/73532130.html?s=0","salary":"8000-9999/月","workspace":"青岛-崂山区"},{"companyName":"山东安瑞投资有限公司","companyUrl":"http://jobs.51job.com/all/co3640849.html","jobName":"运维IT网络开发+五险一金","jobUrl":"http://jobs.51job.com/qingdao-lsq/75107084.html?s=0","salary":"2000-2999/月","workspace":"青岛-崂山区"},{"companyName":"青岛天助信息技术有限公司","companyUrl":"http://jobs.51job.com/all/co3909331.html","jobName":"高新招聘程序+急聘PHP开发+挑战高薪","jobUrl":"http://jobs.51job.com/qingdao/76700126.html?s=0","salary":"2000-15000/月","workspace":"青岛"},{"companyName":"青岛跨境通电子商务有限公司","companyUrl":"http://jobs.51job.com/all/co3340470.html","jobName":"电商运营专员","jobUrl":"http://jobs.51job.com/qingdao-hdq/74512116.html?s=0","salary":"2000-5000/月","workspace":"青岛-黄岛区"},{"companyName":"青岛芳林信息技术有限公司","companyUrl":"http://jobs.51job.com/all/co2665816.html","jobName":"APP软件工程师（IOS/Android）","jobUrl":"http://jobs.51job.com/qingdao-snq/66915568.html?s=0","salary":"6000-7999/月","workspace":"青岛-市南区"},{"companyName":"青岛基业百年投资顾问有限公司","companyUrl":"http://jobs.51job.com/all/co1484298.html","jobName":"区域销售经理","jobUrl":"http://jobs.51job.com/qingdao/77291168.html?s=0","salary":"6000-7999/月","workspace":"青岛"},{"companyName":"青岛博云信息技术有限公司","companyUrl":"http://jobs.51job.com/all/co3135505.html","jobName":"web前端工程师","jobUrl":"http://jobs.51job.com/qingdao-hdq/67198236.html?s=0","salary":"5000-9000/月","workspace":"青岛-黄岛区"},{"companyName":"青岛新锦桥电子商务有限公司","companyUrl":"http://jobs.51job.com/all/co3631102.html","jobName":"WEB前端开发工程师","jobUrl":"http://jobs.51job.com/qingdao-lsq/74253635.html?s=0","salary":"5000-6000/月","workspace":"青岛-崂山区"},{"companyName":"海视云科技有限公司","companyUrl":"http://jobs.51job.com/all/co3627002.html","jobName":"互联网前端高级开发工程师","jobUrl":"http://jobs.51job.com/shandongsheng/71353600.html?s=0","salary":"10000-14999/月","workspace":"异地招聘"},{"companyName":"青岛泰达青和软件有限公司","companyUrl":"http://jobs.51job.com/all/co3654470.html","jobName":"急招前端","jobUrl":"http://jobs.51job.com/qingdao-sbq/75806857.html?s=0","salary":"3000-4499/月","workspace":"青岛-市北区"},{"companyName":"青岛海尔家居集成股份有限公司","companyUrl":"http://jobs.51job.com/all/co3535200.html","jobName":"前端视觉设计师（UI）","jobUrl":"http://jobs.51job.com/qingdao-lsq/75697540.html?s=0","salary":"8000-9999/月","workspace":"青岛-崂山区"},{"companyName":"青岛韩华快讯网络传媒有限公司","companyUrl":"http://jobs.51job.com/all/co3054330.html","jobName":"高级web前端开发工程师","jobUrl":"http://jobs.51job.com/qingdao-snq/71957064.html?s=0","salary":"6000-7999/月","workspace":"青岛-市南区"},{"companyName":"青岛博盈信息科技有限责任公司","companyUrl":"http://jobs.51job.com/all/co3723527.html","jobName":"web前端开发","jobUrl":"http://jobs.51job.com/qingdao-snq/78412043.html?s=0","salary":"6000-7999/月","workspace":"青岛-市南区"},{"companyName":"高登信息技术（青岛）有限公司","companyUrl":"http://jobs.51job.com/all/co3260488.html","jobName":"前端开发工程师","jobUrl":"http://jobs.51job.com/qingdao-snq/65999382.html?s=0","salary":"3000-4499/月","workspace":"青岛-市南区"},{"companyName":"青岛维客集团股份有限公司","companyUrl":"http://jobs.51job.com/all/co1682957.html","jobName":"前端开发","jobUrl":"http://jobs.51job.com/qingdao/73246113.html?s=0","salary":"4000-8000/月","workspace":"青岛"},{"companyName":"青岛睿云博通网络科技有限公司","companyUrl":"http://jobs.51job.com/all/co3384156.html","jobName":"Web前端工程师","jobUrl":"http://jobs.51job.com/qingdao-snq/74732795.html?s=0","salary":"8000-10000/月","workspace":"青岛-市南区"},{"companyName":"大连中软卓越信息技术有限公司","companyUrl":"http://jobs.51job.com/all/co3939635.html","jobName":"国企高薪聘请WEB前端培训讲师","jobUrl":"http://jobs.51job.com/qingdao/78341184.html?s=0","salary":"10000-14999/月","workspace":"青岛"},{"companyName":"大有晋升（北京）网络科技有限公司","companyUrl":"http://jobs.51job.com/all/co3921710.html","jobName":"web前端","jobUrl":"http://jobs.51job.com/qingdao-snq/77595828.html?s=0","salary":"5000-8000/月","workspace":"青岛-市南区"},{"companyName":"青岛大有信息技术有限公司","companyUrl":"http://jobs.51job.com/all/co2581452.html","jobName":"网站美工/网站设计/网站前台制作/网站web前端","jobUrl":"http://jobs.51job.com/qingdao-snq/65007884.html?s=0","salary":"2500-8000/月","workspace":"青岛-市南区"},{"companyName":"青岛亚讯图航网络科技有限公司","companyUrl":"http://jobs.51job.com/all/co2293060.html","jobName":"UI设计/网站美工/平面设计/网页设计/web前端设计","jobUrl":"http://jobs.51job.com/qingdao-snq/73751027.html?s=0","salary":"4500-5999/月","workspace":"青岛-市南区"},{"companyName":"大连中软卓越信息技术有限公司","companyUrl":"http://jobs.51job.com/all/co3939635.html","jobName":"国企高薪聘请WEB前端培训讲师","jobUrl":"http://jobs.51job.com/qingdao/78140095.html?s=0","salary":"8000-9999/月","workspace":"青岛"},{"companyName":"青岛云意网络科技有限公司","companyUrl":"http://jobs.51job.com/all/co3738601.html","jobName":"web前端开发","jobUrl":"http://jobs.51job.com/qingdao-cyq/77571438.html?s=0","salary":"6000-7999/月","workspace":"青岛-城阳区"},{"companyName":"鲁诺集团","companyUrl":"http://jobs.51job.com/all/co2649167.html","jobName":"Web前端工程师","jobUrl":"http://jobs.51job.com/qingdao-cyq/75957578.html?s=0","salary":"8-10万/年","workspace":"青岛-城阳区"},{"companyName":"青岛新锦桥电子商务有限公司","companyUrl":"http://jobs.51job.com/all/co3631102.html","jobName":"NET开发工程师","jobUrl":"http://jobs.51job.com/qingdao-lsq/74253753.html?s=0","salary":"6000-7999/月","workspace":"青岛-崂山区"},{"companyName":"青岛递国之道信息科技有限公司","companyUrl":"http://jobs.51job.com/all/co3611430.html","jobName":"H5开发，HTML5开发，H5开发工程师，微信开发","jobUrl":"http://jobs.51job.com/qingdao-lsq/68242516.html?s=0","salary":"8000-9999/月","workspace":"青岛-崂山区"},{"companyName":"青岛递国之道信息科技有限公司","companyUrl":"http://jobs.51job.com/all/co3611430.html","jobName":"UI设计","jobUrl":"http://jobs.51job.com/qingdao-lsq/68242442.html?s=0","salary":"8000-9999/月","workspace":"青岛-崂山区"},{"companyName":"新立迅软件服务（青岛）有限公司","companyUrl":"http://jobs.51job.com/all/co2300869.html","jobName":".Net 中级软件工程师","jobUrl":"http://jobs.51job.com/qingdao/60928689.html?s=0","salary":"4000-8000/月","workspace":"青岛"},{"companyName":"新立迅软件服务（青岛）有限公司","companyUrl":"http://jobs.51job.com/all/co2300869.html","jobName":".Net高级软件工程师","jobUrl":"http://jobs.51job.com/qingdao/60928583.html?s=0","salary":"7000-12000/月","workspace":"青岛"},{"companyName":"青岛百洋智能科技股份有限公司","companyUrl":"http://jobs.51job.com/all/co3565771.html","jobName":"高级UI设计师","jobUrl":"http://jobs.51job.com/qingdao-sbq/76042745.html?s=0","salary":"8000-9999/月","workspace":"青岛-市北区"},{"companyName":"青岛百洋智能科技股份有限公司","companyUrl":"http://jobs.51job.com/all/co3565771.html","jobName":"系统开发工程师","jobUrl":"http://jobs.51job.com/qingdao-sbq/75459951.html?s=0","salary":"6000-7999/月","workspace":"青岛-市北区"},{"companyName":"青岛百洋智能科技股份有限公司","companyUrl":"http://jobs.51job.com/all/co3565771.html","jobName":"PHP初级软件工程师","jobUrl":"http://jobs.51job.com/qingdao-sbq/77237556.html?s=0","salary":"6000-7999/月","workspace":"青岛-市北区"},{"companyName":"青岛百洋智能科技股份有限公司","companyUrl":"http://jobs.51job.com/all/co3565771.html","jobName":".NET高级软件开发工程师/程序员","jobUrl":"http://jobs.51job.com/qingdao-sbq/76874321.html?s=0","salary":"8000-9999/月","workspace":"青岛-市北区"},{"companyName":"青岛百洋智能科技股份有限公司","companyUrl":"http://jobs.51job.com/all/co3565771.html","jobName":".NET中级软件开发工程师","jobUrl":"http://jobs.51job.com/qingdao-sbq/76851328.html?s=0","salary":"6000-7999/月","workspace":"青岛-市北区"},{"companyName":"聚力精彩（北京）信息技术有限公司","companyUrl":"http://jobs.51job.com/all/co3685062.html","jobName":"JAVA 工程师0WE","jobUrl":"http://jobs.51job.com/shandongsheng/73745857.html?s=0","salary":"10000-15000/月","workspace":"异地招聘"},{"companyName":"海信智能商用设备公司","companyUrl":"http://jobs.51job.com/all/co2390945.html","jobName":"移动互联网高级工程师","jobUrl":"http://jobs.51job.com/qingdao-lsq/75141235.html?s=0","salary":"15000-19999/月","workspace":"青岛-崂山区"},{"companyName":"海视云科技有限公司","companyUrl":"http://jobs.51job.com/all/co3627002.html","jobName":"软件开发工程师","jobUrl":"http://jobs.51job.com/qingdao/69624099.html?s=0","salary":"10000-14999/月","workspace":"青岛"},{"companyName":"上海数聚软件系统股份有限公司","companyUrl":"http://jobs.51job.com/all/co2066520.html","jobName":"BO工程师","jobUrl":"http://jobs.51job.com/qingdao/75785494.html?s=0","salary":"5000-8000/月","workspace":"青岛"},{"companyName":"青岛科恩锐通信息技术股份有限公司","companyUrl":"http://jobs.51job.com/all/co2285496.html","jobName":"结构工程师","jobUrl":"http://jobs.51job.com/qingdao-snq/67468363.html?s=0","salary":"4500-5999/月","workspace":"青岛-市南区"},{"companyName":"青岛科恩锐通信息技术股份有限公司","companyUrl":"http://jobs.51job.com/all/co2285496.html","jobName":"硬件开发工程师","jobUrl":"http://jobs.51job.com/qingdao-snq/64016090.html?s=0","salary":"3000-4499/月","workspace":"青岛-市南区"},{"companyName":"青岛巨数信息技术有限公司","companyUrl":"http://jobs.51job.com/all/co2408091.html","jobName":".NET运营开发工程师","jobUrl":"http://jobs.51job.com/qingdao/73742885.html?s=0","salary":"4500-5999/月","workspace":"青岛"},{"companyName":"青岛巨数信息技术有限公司","companyUrl":"http://jobs.51job.com/all/co2408091.html","jobName":"PHP开发工程师","jobUrl":"http://jobs.51job.com/qingdao/74471204.html?s=0","salary":"6000-10000/月","workspace":"青岛"},{"companyName":"QST青软实训","companyUrl":"http://jobs.51job.com/all/co2778993.html","jobName":"UI讲师","jobUrl":"http://jobs.51job.com/qingdao/76189893.html?s=0","salary":"5000-8000/月","workspace":"青岛"},{"companyName":"青岛泰达青和软件有限公司","companyUrl":"http://jobs.51job.com/all/co3654470.html","jobName":"div+css 切图","jobUrl":"http://jobs.51job.com/qingdao-sbq/76133032.html?s=0","salary":"3000-4499/月","workspace":"青岛-市北区"},{"companyName":"青岛泰达青和软件有限公司","companyUrl":"http://jobs.51job.com/all/co3654470.html","jobName":"php程序","jobUrl":"http://jobs.51job.com/qingdao-sbq/76046379.html?s=0","salary":"8000-9999/月","workspace":"青岛-市北区"},{"companyName":"青岛泰达青和软件有限公司","companyUrl":"http://jobs.51job.com/all/co3654470.html","jobName":"php程序","jobUrl":"http://jobs.51job.com/qingdao-sbq/76046234.html?s=0","salary":"4500-5999/月","workspace":"青岛-市北区"},{"companyName":"青岛海尔家居集成股份有限公司","companyUrl":"http://jobs.51job.com/all/co3535200.html","jobName":"UI设计师（qd）","jobUrl":"http://jobs.51job.com/qingdao-lsq/76402198.html?s=0","salary":"5000-8000/月","workspace":"青岛-崂山区"},{"companyName":"上海新工式网络科技有限公司","companyUrl":"http://jobs.51job.com/all/co3603350.html","jobName":"后端程序员（兼职）","jobUrl":"http://jobs.51job.com/shanghai-zbq/77748649.html?s=0","salary":"75元/小时","workspace":"异地招聘"},{"companyName":"上海新工式网络科技有限公司","companyUrl":"http://jobs.51job.com/all/co3603350.html","jobName":"微信H5应用开发（兼职）","jobUrl":"http://jobs.51job.com/shanghai-zbq/77748765.html?s=0","salary":"75元/小时","workspace":"异地招聘"},{"companyName":"青岛递国之道信息科技有限公司","companyUrl":"http://jobs.51job.com/all/co3611430.html","jobName":"Java/JSP开发工程师","jobUrl":"http://jobs.51job.com/qingdao-lsq/69068899.html?s=0","salary":"8000-9999/月","workspace":"青岛-崂山区"},{"companyName":"青岛蓝海汇网络科技有限公司","companyUrl":"http://jobs.51job.com/all/co2977887.html","jobName":"后台开发","jobUrl":"http://jobs.51job.com/qingdao/75720951.html?s=0","salary":"8000-9999/月","workspace":"青岛"},{"companyName":"青岛蓝海汇网络科技有限公司","companyUrl":"http://jobs.51job.com/all/co2977887.html","jobName":"高级UI设计师（6000+）","jobUrl":"http://jobs.51job.com/qingdao-snq/68665736.html?s=0","salary":"6000-7999/月","workspace":"青岛-市南区"},{"companyName":"青岛洪海龙腾电子商务有限公司","companyUrl":"http://jobs.51job.com/all/co3874489.html","jobName":"Java开发工程师-WEB方向/大咖团队","jobUrl":"http://jobs.51job.com/qingdao-snq/75781980.html?s=0","salary":"6000-7999/月","workspace":"青岛-市南区"},{"companyName":"北京盛安德科技发展有限公司青岛第...","companyUrl":"http://jobs.51job.com/all/co3098397.html","jobName":"ASP.NET 高级开发工程师","jobUrl":"http://jobs.51job.com/qingdao-lsq/65832366.html?s=0","salary":"10000-14999/月","workspace":"青岛-崂山区"},{"companyName":"青岛仁善伟业医疗科技有限公司","companyUrl":"http://jobs.51job.com/all/co3928395.html","jobName":".NET开发工程师","jobUrl":"http://jobs.51job.com/qingdao-sbq/77218127.html?s=0","salary":"10000-14999/月","workspace":"青岛-市北区"},{"companyName":"青岛仁善伟业医疗科技有限公司","companyUrl":"http://jobs.51job.com/all/co3928395.html","jobName":".NET开发","jobUrl":"http://jobs.51job.com/qingdao-sbq/77217972.html?s=0","salary":"10000-14999/月","workspace":"青岛-市北区"},{"companyName":"青岛金溢科技有限公司","companyUrl":"http://jobs.51job.com/all/co3850796.html","jobName":"PE技术员","jobUrl":"http://jobs.51job.com/qingdao/77925218.html?s=0","salary":"4000-6000/月","workspace":"青岛"},{"companyName":"青岛福莱易通软件有限公司","companyUrl":"http://jobs.51job.com/all/co1505600.html","jobName":"Java程序员","jobUrl":"http://jobs.51job.com/qingdao/76054387.html?s=0","salary":"5000-15000/月","workspace":"青岛"},{"companyName":"青岛福莱易通软件有限公司","companyUrl":"http://jobs.51job.com/all/co1505600.html","jobName":"C#/.Net高级程序开发工程师","jobUrl":"http://jobs.51job.com/qingdao/73629363.html?s=0","salary":"7000-12000/月","workspace":"青岛"},{"companyName":"青岛福莱易通软件有限公司","companyUrl":"http://jobs.51job.com/all/co1505600.html","jobName":"高级手机APP软件开发工程师","jobUrl":"http://jobs.51job.com/qingdao/74215617.html?s=0","salary":"8000-9999/月","workspace":"青岛"},{"companyName":"青岛福莱易通软件有限公司","companyUrl":"http://jobs.51job.com/all/co1505600.html","jobName":"大数据程序开发工程师","jobUrl":"http://jobs.51job.com/qingdao/73639935.html?s=0","salary":"8000-10000/月","workspace":"青岛"},{"companyName":"海信网络科技公司","companyUrl":"http://jobs.51job.com/all/co2390934.html","jobName":"平台开发、视频算法、安卓开发主管（平安城市）","jobUrl":"http://jobs.51job.com/qingdao/74283531.html?s=0","salary":"100000-250000/年","workspace":"青岛"},{"companyName":"海信网络科技公司","companyUrl":"http://jobs.51job.com/all/co2390934.html","jobName":"产品规划工程师与产品开发主管（智能交通）","jobUrl":"http://jobs.51job.com/qingdao/74248882.html?s=0","salary":"100000-250000/年","workspace":"青岛"},{"companyName":"青岛运动汇信息科技有限公司","companyUrl":"http://jobs.51job.com/all/co3955920.html","jobName":"软件工程师","jobUrl":"http://jobs.51job.com/qingdao-lcq/78073697.html?s=0","salary":"6000-7999/月","workspace":"青岛-李沧区"},{"companyName":"今日澳博厨具在线","companyUrl":"http://jobs.51job.com/all/co3960671.html","jobName":"网站设计主管/高级网站设计师","jobUrl":"http://jobs.51job.com/qingdao-snq/78228829.html?s=0","salary":"8000-10000/月","workspace":"青岛-市南区"},{"companyName":"北京千锋互联科技有限公司","companyUrl":"http://jobs.51job.com/all/co2537359.html","jobName":"NodeJS讲师","jobUrl":"http://jobs.51job.com/qingdao/76777526.html?s=0","salary":"15000-30000/月","workspace":"青岛"},{"companyName":"北京千锋互联科技有限公司","companyUrl":"http://jobs.51job.com/all/co2537359.html","jobName":"Java讲师","jobUrl":"http://jobs.51job.com/qingdao/74768313.html?s=0","salary":"15000-19999/月","workspace":"青岛"},{"companyName":"北京千锋互联科技有限公司","companyUrl":"http://jobs.51job.com/all/co2537359.html","jobName":"C语言讲师","jobUrl":"http://jobs.51job.com/qingdao/74767947.html?s=0","salary":"10000-14999/月","workspace":"青岛"},{"companyName":"北京千锋互联科技有限公司","companyUrl":"http://jobs.51job.com/all/co2537359.html","jobName":"JavaScript讲师","jobUrl":"http://jobs.51job.com/qingdao/74767323.html?s=0","salary":"20000-30000/月","workspace":"青岛"},{"companyName":"北京千锋互联科技有限公司","companyUrl":"http://jobs.51job.com/all/co2537359.html","jobName":"iOS讲师","jobUrl":"http://jobs.51job.com/qingdao/74767500.html?s=0","salary":"15000-25000/月","workspace":"青岛"},{"companyName":"青岛通世傲为国际教育信息技术有限...","companyUrl":"http://jobs.51job.com/all/co3449626.html","jobName":"集团产品总监","jobUrl":"http://jobs.51job.com/qingdao-snq/76724540.html?s=0","salary":"20000-30000/年","workspace":"青岛-市南区"},{"companyName":"青岛加加软件服务有限公司","companyUrl":"http://jobs.51job.com/all/co2750566.html","jobName":"ASP.Net 程序员（C#）","jobUrl":"http://jobs.51job.com/qingdao-sbq/54092429.html?s=0","salary":"4500-5999/月","workspace":"青岛-市北区"},{"companyName":"青岛加加软件服务有限公司","companyUrl":"http://jobs.51job.com/all/co2750566.html","jobName":"ASP.Net软件工程师（C#）","jobUrl":"http://jobs.51job.com/qingdao-sbq/54092243.html?s=0","salary":"6000-7999/月","workspace":"青岛-市北区"},{"companyName":"青岛睿云博通网络科技有限公司","companyUrl":"http://jobs.51job.com/all/co3384156.html","jobName":"IOS高级开发","jobUrl":"http://jobs.51job.com/qingdao-snq/75474156.html?s=0","salary":"10000-14999/月","workspace":"青岛-市南区"},{"companyName":"青岛睿云博通网络科技有限公司","companyUrl":"http://jobs.51job.com/all/co3384156.html","jobName":"ios工程师","jobUrl":"http://jobs.51job.com/qingdao-snq/74732729.html?s=0","salary":"8000-12000/月","workspace":"青岛-市南区"},{"companyName":"淄博米查信息技术有限公司","companyUrl":"http://jobs.51job.com/all/co3834808.html","jobName":"应用后端java后台开发工程师","jobUrl":"http://jobs.51job.com/qingdao/77492178.html?s=0","salary":"10000-14999/月","workspace":"青岛"},{"companyName":"淄博米查信息技术有限公司","companyUrl":"http://jobs.51job.com/all/co3834808.html","jobName":"安卓工程师、APP后台开发人员","jobUrl":"http://jobs.51job.com/qingdao/76055455.html?s=0","salary":"5000-7999/月","workspace":"青岛"},{"companyName":"淄博米查信息技术有限公司","companyUrl":"http://jobs.51job.com/all/co3834808.html","jobName":"安卓后台开发Java工程师","jobUrl":"http://jobs.51job.com/qingdao/77565798.html?s=0","salary":"10000-14999/月","workspace":"青岛"},{"companyName":"淄博米查信息技术有限公司","companyUrl":"http://jobs.51job.com/all/co3834808.html","jobName":"安卓app后台开发工程师","jobUrl":"http://jobs.51job.com/qingdao/77557805.html?s=0","salary":"9000-12000/月","workspace":"青岛"},{"companyName":"淄博米查信息技术有限公司","companyUrl":"http://jobs.51job.com/all/co3834808.html","jobName":"应用后端开发工程师","jobUrl":"http://jobs.51job.com/qingdao/77375972.html?s=0","salary":"10000-14999/月","workspace":"青岛"},{"companyName":"青岛蓝湾佰通信息技术有限公司","companyUrl":"http://jobs.51job.com/all/co3487439.html","jobName":"软件开发工程师","jobUrl":"http://jobs.51job.com/qingdao-cyq/65564442.html?s=0","salary":"6000-7999/月","workspace":"青岛-城阳区"},{"companyName":"青岛智泰科信息技术有限公司","companyUrl":"http://jobs.51job.com/all/co3715397.html","jobName":"移动应用软件工程师","jobUrl":"http://jobs.51job.com/qingdao-sbq/71027145.html?s=0","salary":"4000-8000/月","workspace":"青岛-市北区"},{"companyName":"山东展望信息科技有限公司","companyUrl":"http://jobs.51job.com/all/co3835765.html","jobName":"海右.JAVA软件工程师","jobUrl":"http://jobs.51job.com/rizhao/74414936.html?s=0","salary":"4500-5999/月","workspace":"异地招聘"},{"companyName":"卓越金宇控股有限公司","companyUrl":"http://jobs.51job.com/all/co3629231.html","jobName":"web开发工程师","jobUrl":"http://jobs.51job.com/qingdao-lsq/72301491.html?s=0","salary":"6000-7999/月","workspace":"青岛-崂山区"},{"companyName":"北京拓尔思信息技术股份有限公司上...","companyUrl":"http://jobs.51job.com/all/co1978275.html","jobName":"软件实施工程师","jobUrl":"http://jobs.51job.com/qingdao-snq/44677067.html?s=0","salary":"4500-5999/月","workspace":"青岛-市南区"},{"companyName":"青岛信致和软件科技有限公司","companyUrl":"http://jobs.51job.com/all/co3797115.html","jobName":"Java平台开发工程师","jobUrl":"http://jobs.51job.com/qingdao-cyq/73399993.html?s=0","salary":"8000-9999/月","workspace":"青岛-城阳区"},{"companyName":"日照工业设计中心有限公司","companyUrl":"http://jobs.51job.com/all/co3921453.html","jobName":"网页设计师","jobUrl":"http://jobs.51job.com/rizhao/77003923.html?s=0","salary":"3000-4499/月","workspace":"异地招聘"},{"companyName":"青岛百洋医药科技有限公司","companyUrl":"http://jobs.51job.com/all/co1439987.html","jobName":"Java软件工程师","jobUrl":"http://jobs.51job.com/qingdao/60722461.html?s=0","salary":"","workspace":"青岛"},{"companyName":"青岛泰和美电子科技有限公司","companyUrl":"http://jobs.51job.com/all/co3550815.html","jobName":"网络运营","jobUrl":"http://jobs.51job.com/qingdao/76233686.html?s=0","salary":"4500-5999/月","workspace":"青岛"},{"companyName":"青岛递国之道信息科技有限公司","companyUrl":"http://jobs.51job.com/all/co3611430.html","jobName":"高级网页美工","jobUrl":"http://jobs.51job.com/qingdao-lsq/68242404.html?s=0","salary":"8000-9999/月","workspace":"青岛-崂山区"},{"companyName":"青岛伟东云教育发展有限公司","companyUrl":"http://jobs.51job.com/all/co3639875.html","jobName":"HTML5开发 五险一金 准上市","jobUrl":"http://jobs.51job.com/qingdao/71061655.html?s=0","salary":"8000-9999/月","workspace":"青岛"}]