[{"companyName":"大连中软卓越信息技术有限公司","companyUrl":"http://jobs.51job.com/all/co3939635.html","jobName":"国企高薪聘请WEB前端培训讲师","salary":"8000-9999/月","workspace":"青岛"},{"companyName":"青岛新锦桥电子商务有限公司","companyUrl":"http://jobs.51job.com/all/co3631102.html","jobName":"NET开发工程师","salary":"6000-7999/月","workspace":"青岛-崂山区"},{"companyName":"青岛递国之道信息科技有限公司","companyUrl":"http://jobs.51job.com/all/co3611430.html","jobName":"UI设计","salary":"8000-9999/月","workspace":"青岛-崂山区"},{"companyName":"新立迅软件服务（青岛）有限公司","companyUrl":"http://jobs.51job.com/all/co2300869.html","jobName":".Net高级软件工程师","salary":"7000-12000/月","workspace":"青岛"},{"companyName":"青岛百洋智能科技股份有限公司","companyUrl":"http://jobs.51job.com/all/co3565771.html","jobName":"系统开发工程师","salary":"6000-7999/月","workspace":"青岛-市北区"},{"companyName":"青岛百洋智能科技股份有限公司","companyUrl":"http://jobs.51job.com/all/co3565771.html","jobName":"PHP初级软件工程师","salary":"6000-7999/月","workspace":"青岛-市北区"},{"companyName":"青岛百洋智能科技股份有限公司","companyUrl":"http://jobs.51job.com/all/co3565771.html","jobName":".NET高级软件开发工程师/程序员","salary":"8000-9999/月","workspace":"青岛-市北区"},{"companyName":"青岛百洋智能科技股份有限公司","companyUrl":"http://jobs.51job.com/all/co3565771.html","jobName":".NET中级软件开发工程师","salary":"6000-7999/月","workspace":"青岛-市北区"},{"companyName":"海视云科技有限公司","companyUrl":"http://jobs.51job.com/all/co3627002.html","jobName":"软件开发工程师","salary":"10000-14999/月","workspace":"青岛"},{"companyName":"青岛科恩锐通信息技术股份有限公司","companyUrl":"http://jobs.51job.com/all/co2285496.html","jobName":"硬件开发工程师","salary":"3000-4499/月","workspace":"青岛-市南区"},{"companyName":"青岛巨数信息技术有限公司","companyUrl":"http://jobs.51job.com/all/co2408091.html","jobName":"PHP开发工程师","salary":"6000-10000/月","workspace":"青岛"},{"companyName":"青岛泰达青和软件有限公司","companyUrl":"http://jobs.51job.com/all/co3654470.html","jobName":"div+css 切图","salary":"3000-4499/月","workspace":"青岛-市北区"},{"companyName":"青岛泰达青和软件有限公司","companyUrl":"http://jobs.51job.com/all/co3654470.html","jobName":"php程序","salary":"8000-9999/月","workspace":"青岛-市北区"},{"companyName":"青岛泰达青和软件有限公司","companyUrl":"http://jobs.51job.com/all/co3654470.html","jobName":"php程序","salary":"4500-5999/月","workspace":"青岛-市北区"},{"companyName":"青岛海尔家居集成股份有限公司","companyUrl":"http://jobs.51job.com/all/co3535200.html","jobName":"UI设计师（qd）","salary":"5000-8000/月","workspace":"青岛-崂山区"},{"companyName":"上海新工式网络科技有限公司","companyUrl":"http://jobs.51job.com/all/co3603350.html","jobName":"微信H5应用开发（兼职）","salary":"75元/小时","workspace":"异地招聘"},{"companyName":"青岛递国之道信息科技有限公司","companyUrl":"http://jobs.51job.com/all/co3611430.html","jobName":"Java/JSP开发工程师","salary":"8000-9999/月","workspace":"青岛-崂山区"},{"companyName":"青岛蓝海汇网络科技有限公司","companyUrl":"http://jobs.51job.com/all/co2977887.html","jobName":"高级UI设计师（6000+）","salary":"6000-7999/月","workspace":"青岛-市南区"},{"companyName":"青岛仁善伟业医疗科技有限公司","companyUrl":"http://jobs.51job.com/all/co3928395.html","jobName":".NET开发","salary":"10000-14999/月","workspace":"青岛-市北区"},{"companyName":"青岛福莱易通软件有限公司","companyUrl":"http://jobs.51job.com/all/co1505600.html","jobName":"C#/.Net高级程序开发工程师","salary":"7000-12000/月","workspace":"青岛"},{"companyName":"青岛福莱易通软件有限公司","companyUrl":"http://jobs.51job.com/all/co1505600.html","jobName":"高级手机APP软件开发工程师","salary":"8000-9999/月","workspace":"青岛"},{"companyName":"青岛福莱易通软件有限公司","companyUrl":"http://jobs.51job.com/all/co1505600.html","jobName":"大数据程序开发工程师","salary":"8000-10000/月","workspace":"青岛"},{"companyName":"海信网络科技公司","companyUrl":"http://jobs.51job.com/all/co2390934.html","jobName":"产品规划工程师与产品开发主管（智能交通）","salary":"100000-250000/年","workspace":"青岛"},{"companyName":"北京千锋互联科技有限公司","companyUrl":"http://jobs.51job.com/all/co2537359.html","jobName":"Java讲师","salary":"15000-19999/月","workspace":"青岛"},{"companyName":"北京千锋互联科技有限公司","companyUrl":"http://jobs.51job.com/all/co2537359.html","jobName":"C语言讲师","salary":"10000-14999/月","workspace":"青岛"},{"companyName":"北京千锋互联科技有限公司","companyUrl":"http://jobs.51job.com/all/co2537359.html","jobName":"JavaScript讲师","salary":"20000-30000/月","workspace":"青岛"},{"companyName":"北京千锋互联科技有限公司","companyUrl":"http://jobs.51job.com/all/co2537359.html","jobName":"iOS讲师","salary":"15000-25000/月","workspace":"青岛"},{"companyName":"青岛加加软件服务有限公司","companyUrl":"http://jobs.51job.com/all/co2750566.html","jobName":"ASP.Net软件工程师（C#）","salary":"6000-7999/月","workspace":"青岛-市北区"},{"companyName":"青岛睿云博通网络科技有限公司","companyUrl":"http://jobs.51job.com/all/co3384156.html","jobName":"IOS高级开发","salary":"10000-14999/月","workspace":"青岛-市南区"},{"companyName":"青岛睿云博通网络科技有限公司","companyUrl":"http://jobs.51job.com/all/co3384156.html","jobName":"ios工程师","salary":"8000-12000/月","workspace":"青岛-市南区"},{"companyName":"淄博米查信息技术有限公司","companyUrl":"http://jobs.51job.com/all/co3834808.html","jobName":"安卓工程师、APP后台开发人员","salary":"5000-7999/月","workspace":"青岛"},{"companyName":"淄博米查信息技术有限公司","companyUrl":"http://jobs.51job.com/all/co3834808.html","jobName":"安卓后台开发Java工程师","salary":"10000-14999/月","workspace":"青岛"},{"companyName":"淄博米查信息技术有限公司","companyUrl":"http://jobs.51job.com/all/co3834808.html","jobName":"安卓app后台开发工程师","salary":"9000-12000/月","workspace":"青岛"},{"companyName":"淄博米查信息技术有限公司","companyUrl":"http://jobs.51job.com/all/co3834808.html","jobName":"应用后端开发工程师","salary":"10000-14999/月","workspace":"青岛"},{"companyName":"青岛递国之道信息科技有限公司","companyUrl":"http://jobs.51job.com/all/co3611430.html","jobName":"高级网页美工","salary":"8000-9999/月","workspace":"青岛-崂山区"}]